DEPARTAMENTO DEL HECHO;GENERICA;ESPECIFICA;MODALIDAD;2015;2016;2017;2018;2019;2020;2021;2022
AMAZONAS;FALTAS;FALTAS CONTRA EL PATRIMONIO;DAÑOS MATERIALES;2;122;;;;;;
AMAZONAS;FALTAS;FALTAS CONTRA EL PATRIMONIO;FALTAS CONTRA EL PATRIMONIO;802;30;;;;;;
AMAZONAS;FALTAS;FALTAS CONTRA EL PATRIMONIO;HURTO FAMELICO;;1;;;;;;
AMAZONAS;FALTAS;FALTAS CONTRA EL PATRIMONIO;HURTO SIMPLE;;33;187;88;51;68;93;31
AMAZONAS;FALTAS;FALTAS CONTRA EL PATRIMONIO;HURTO SIMPLE Y DAÑO;;694;18;;;;;
AMAZONAS;FALTAS;FALTAS CONTRA EL PATRIMONIO;INGRESO DE ANIMALES EN INMUEBLE AJENO;;7;4;3;1;;2;
AMAZONAS;FALTAS;FALTAS CONTRA EL PATRIMONIO;ORGANIZACION O PARTICIPACION EN JUEGOS PROHIBIDOS;;11;;;;;;
AMAZONAS;FALTAS;FALTAS CONTRA EL PATRIMONIO;PROTECCION DE SEÑALES SATELITALES ENCRIPTADAS;;8;;;;;;
AMAZONAS;FALTAS;FALTAS CONTRA EL PATRIMONIO;USURPACION BREVE;;27;2;8;5;5;4;2
AMAZONAS;FALTAS;FALTAS CONTRA LA SEGURIDAD PUBLICA;FALTAS CONTRA LA SEGURIDAD PUBLICA;804;69;31;6;5;8;10;5
AMAZONAS;FALTAS;FALTAS CONTRA LA TRANQUILIDAD PUBLICA;FALTAS CONTRA LA TRANQUILIDAD PUBLICA;;31;13;8;14;9;13;5
AMAZONAS;FALTAS;FALTAS CONTRA LAS BUENAS COSTUMBRES;FALTAS CONTRA LAS BUENAS COSTUMBRES;48;4;115;;;;;
AMAZONAS;FALTAS;FALTAS CONTRA LAS BUENAS COSTUMBRES;OTRAS FALTAS CONTRA LAS BUENAS COSTUMBRES;;65;;63;35;54;;
AMAZONAS;FALTAS;FALTAS CONTRA LAS BUENAS COSTUMBRES;PERTURBACION DE LA TRANQUILIDAD;;23;1;1;2;3;3;1
AMAZONAS;FALTAS;FALTAS CONTRA LAS PERSONAS;AGRESION SIN DAÑO;;175;102;106;70;72;78;40
AMAZONAS;FALTAS;FALTAS CONTRA LAS PERSONAS;DAÑO;;;;102;115;155;181;64
AMAZONAS;FALTAS;FALTAS CONTRA LAS PERSONAS;FALTAS CONTRA LAS PERSONAS;1940;20;;;;;;
AMAZONAS;FALTAS;FALTAS CONTRA LAS PERSONAS;LESION CULPOSA;;;;1;2;1;5;
AMAZONAS;FALTAS;FALTAS CONTRA LAS PERSONAS;LESION DOLOSA;;;2;9;1;1;45;1
AMAZONAS;FALTAS;FALTAS CONTRA LAS PERSONAS;LESION DOLOSA Y LESION CULPOSA;1;698;13;;;;;
AMAZONAS;FALTAS;FALTAS CONTRA LAS PERSONAS;LESIONES;;;3;;;;;
AMAZONAS;FALTAS;FALTAS CONTRA LAS PERSONAS;LESIONES LEVES;;;10;;;;;
AMAZONAS;FALTAS;FALTAS CONTRA LAS PERSONAS;LESIONES LEVES POR VIOLENCIA FAMILIAR;;;18;;;;;
AMAZONAS;FALTAS;FALTAS CONTRA LAS PERSONAS;MALTRATO;;597;37;20;8;19;15;4
AMAZONAS;FALTAS;FALTAS CONTRA LAS PERSONAS;MALTRATO SIN LESION;;4;;;;;;
AMAZONAS;FALTAS;OTRAS FALTAS (ESPECIFIQUE);OTRAS FALTAS (ESPECIFIQUE);12;;;;;;;
ANCASH;FALTAS;FALTAS CONTRA EL PATRIMONIO;CONSUMIR ALIMENTOS SABIENDO QUE NO PUEDE PAGAR;;1;;;;;;
ANCASH;FALTAS;FALTAS CONTRA EL PATRIMONIO;DAÑOS MATERIALES;495;486;;;;;;
ANCASH;FALTAS;FALTAS CONTRA EL PATRIMONIO;FALTAS CONTRA EL PATRIMONIO;1179;425;;;;;;
ANCASH;FALTAS;FALTAS CONTRA EL PATRIMONIO;HURTO FAMELICO;;4;5;2;4;4;1;2
ANCASH;FALTAS;FALTAS CONTRA EL PATRIMONIO;HURTO SIMPLE;305;331;574;616;401;399;368;248
ANCASH;FALTAS;FALTAS CONTRA EL PATRIMONIO;HURTO SIMPLE Y DAÑO;;269;158;;;;;
ANCASH;FALTAS;FALTAS CONTRA EL PATRIMONIO;INGRESO DE ANIMALES EN INMUEBLE AJENO;;20;6;1;2;2;3;
ANCASH;FALTAS;FALTAS CONTRA EL PATRIMONIO;ORGANIZACION O PARTICIPACION EN JUEGOS PROHIBIDOS;;18;;;;;;
ANCASH;FALTAS;FALTAS CONTRA EL PATRIMONIO;USURPACION BREVE;;34;36;12;14;9;10;6
ANCASH;FALTAS;FALTAS CONTRA LA SEGURIDAD PUBLICA;FALTAS CONTRA LA SEGURIDAD PUBLICA;109;206;164;16;19;16;6;7
ANCASH;FALTAS;FALTAS CONTRA LA TRANQUILIDAD PUBLICA;FALTAS CONTRA LA TRANQUILIDAD PUBLICA;13;22;61;30;40;44;30;29
ANCASH;FALTAS;FALTAS CONTRA LAS BUENAS COSTUMBRES;FALTAS CONTRA LAS BUENAS COSTUMBRES;50;7;157;;;;;
ANCASH;FALTAS;FALTAS CONTRA LAS BUENAS COSTUMBRES;OTRAS FALTAS CONTRA LAS BUENAS COSTUMBRES;;9;7;144;62;85;;
ANCASH;FALTAS;FALTAS CONTRA LAS BUENAS COSTUMBRES;PERTURBACION DE LA TRANQUILIDAD;;35;15;4;5;10;10;8
ANCASH;FALTAS;FALTAS CONTRA LAS PERSONAS;AGRESION SIN DAÑO;361;637;1053;937;609;844;792;477
ANCASH;FALTAS;FALTAS CONTRA LAS PERSONAS;DAÑO;3;9;;462;483;637;624;492
ANCASH;FALTAS;FALTAS CONTRA LAS PERSONAS;FALTAS CONTRA LAS PERSONAS;2067;703;1;;;;;
ANCASH;FALTAS;FALTAS CONTRA LAS PERSONAS;LESION CULPOSA;1;7;;49;42;31;39;28
ANCASH;FALTAS;FALTAS CONTRA LAS PERSONAS;LESION DOLOSA;8;35;313;531;357;382;435;360
ANCASH;FALTAS;FALTAS CONTRA LAS PERSONAS;LESION DOLOSA Y LESION CULPOSA;382;804;55;;;;;
ANCASH;FALTAS;FALTAS CONTRA LAS PERSONAS;LESIONES;;;114;;;;;
ANCASH;FALTAS;FALTAS CONTRA LAS PERSONAS;LESIONES LEVES;;;46;;;;;
ANCASH;FALTAS;FALTAS CONTRA LAS PERSONAS;LESIONES LEVES POR VIOLENCIA FAMILIAR;;;22;;;;;
ANCASH;FALTAS;FALTAS CONTRA LAS PERSONAS;MALTRATO;;514;433;105;94;136;102;61
ANCASH;FALTAS;FALTAS CONTRA LAS PERSONAS;MALTRATO SIN LESION;4;7;;;;;;
ANCASH;FALTAS;OTRAS FALTAS (ESPECIFIQUE);OTRAS FALTAS (ESPECIFIQUE);4;;;;;;;
APURIMAC;FALTAS;FALTAS CONTRA EL PATRIMONIO;DAÑOS MATERIALES;29;40;;;;;;
APURIMAC;FALTAS;FALTAS CONTRA EL PATRIMONIO;FALTAS CONTRA EL PATRIMONIO;423;40;;;;;;
APURIMAC;FALTAS;FALTAS CONTRA EL PATRIMONIO;HURTO FAMELICO;;7;;4;3;;1;1
APURIMAC;FALTAS;FALTAS CONTRA EL PATRIMONIO;HURTO SIMPLE;18;52;113;268;153;174;146;70
APURIMAC;FALTAS;FALTAS CONTRA EL PATRIMONIO;HURTO SIMPLE Y DAÑO;;318;333;;;;;
APURIMAC;FALTAS;FALTAS CONTRA EL PATRIMONIO;INGRESO DE ANIMALES EN INMUEBLE AJENO;;21;31;;3;1;4;
APURIMAC;FALTAS;FALTAS CONTRA EL PATRIMONIO;ORGANIZACION O PARTICIPACION EN JUEGOS PROHIBIDOS;;22;;;;;;
APURIMAC;FALTAS;FALTAS CONTRA EL PATRIMONIO;PROTECCION DE SEÑALES SATELITALES ENCRIPTADAS;;1;;;;;;
APURIMAC;FALTAS;FALTAS CONTRA EL PATRIMONIO;USURPACION BREVE;;61;45;8;8;22;8;3
APURIMAC;FALTAS;FALTAS CONTRA LA SEGURIDAD PUBLICA;FALTAS CONTRA LA SEGURIDAD PUBLICA;37;66;67;9;6;6;9;2
APURIMAC;FALTAS;FALTAS CONTRA LA TRANQUILIDAD PUBLICA;FALTAS CONTRA LA TRANQUILIDAD PUBLICA;1;36;15;32;7;13;7;9
APURIMAC;FALTAS;FALTAS CONTRA LAS BUENAS COSTUMBRES;FALTAS CONTRA LAS BUENAS COSTUMBRES;11;6;88;;;;;
APURIMAC;FALTAS;FALTAS CONTRA LAS BUENAS COSTUMBRES;OTRAS FALTAS CONTRA LAS BUENAS COSTUMBRES;;73;5;76;66;73;;
APURIMAC;FALTAS;FALTAS CONTRA LAS BUENAS COSTUMBRES;PERTURBACION DE LA TRANQUILIDAD;;28;9;;1;2;3;2
APURIMAC;FALTAS;FALTAS CONTRA LAS PERSONAS;AGRESION SIN DAÑO;14;249;451;763;686;690;790;467
APURIMAC;FALTAS;FALTAS CONTRA LAS PERSONAS;DAÑO;;;;185;220;225;227;129
APURIMAC;FALTAS;FALTAS CONTRA LAS PERSONAS;FALTAS CONTRA LAS PERSONAS;882;162;;;;;;
APURIMAC;FALTAS;FALTAS CONTRA LAS PERSONAS;LESION CULPOSA;;;;23;9;9;8;9
APURIMAC;FALTAS;FALTAS CONTRA LAS PERSONAS;LESION DOLOSA;;;35;268;164;135;111;85
APURIMAC;FALTAS;FALTAS CONTRA LAS PERSONAS;LESION DOLOSA Y LESION CULPOSA;25;748;270;;;;;
APURIMAC;FALTAS;FALTAS CONTRA LAS PERSONAS;LESIONES;;;339;;;;;
APURIMAC;FALTAS;FALTAS CONTRA LAS PERSONAS;LESIONES LEVES;;;19;;;;;
APURIMAC;FALTAS;FALTAS CONTRA LAS PERSONAS;LESIONES LEVES POR VIOLENCIA FAMILIAR;;;6;;;;;
APURIMAC;FALTAS;FALTAS CONTRA LAS PERSONAS;MALTRATO;;1170;1556;134;120;224;144;136
APURIMAC;FALTAS;FALTAS CONTRA LAS PERSONAS;MALTRATO SIN LESION;1;4;;;;;;
AREQUIPA;FALTAS;FALTAS CONTRA EL PATRIMONIO;DAÑOS MATERIALES;1202;1121;;;;;;
AREQUIPA;FALTAS;FALTAS CONTRA EL PATRIMONIO;FALTAS CONTRA EL PATRIMONIO;3166;1886;;;;;;
AREQUIPA;FALTAS;FALTAS CONTRA EL PATRIMONIO;HURTO FAMELICO;10;11;15;21;7;10;12;8
AREQUIPA;FALTAS;FALTAS CONTRA EL PATRIMONIO;HURTO SIMPLE;1404;1856;2976;3922;2133;2292;2849;1652
AREQUIPA;FALTAS;FALTAS CONTRA EL PATRIMONIO;HURTO SIMPLE Y DAÑO;;859;665;;;;;
AREQUIPA;FALTAS;FALTAS CONTRA EL PATRIMONIO;INGRESO DE ANIMALES EN INMUEBLE AJENO;;29;29;1;3;6;4;3
AREQUIPA;FALTAS;FALTAS CONTRA EL PATRIMONIO;ORGANIZACION O PARTICIPACION EN JUEGOS PROHIBIDOS;;63;;;;;;
AREQUIPA;FALTAS;FALTAS CONTRA EL PATRIMONIO;PROTECCION DE SEÑALES SATELITALES ENCRIPTADAS;;;;;5;1;;1
AREQUIPA;FALTAS;FALTAS CONTRA EL PATRIMONIO;USURPACION BREVE;;55;45;25;23;32;25;17
AREQUIPA;FALTAS;FALTAS CONTRA LA SEGURIDAD PUBLICA;FALTAS CONTRA LA SEGURIDAD PUBLICA;234;53;207;35;26;29;28;20
AREQUIPA;FALTAS;FALTAS CONTRA LA TRANQUILIDAD PUBLICA;FALTAS CONTRA LA TRANQUILIDAD PUBLICA;79;54;174;148;125;134;96;50
AREQUIPA;FALTAS;FALTAS CONTRA LAS BUENAS COSTUMBRES;FALTAS CONTRA LAS BUENAS COSTUMBRES;53;36;871;;;;;
AREQUIPA;FALTAS;FALTAS CONTRA LAS BUENAS COSTUMBRES;OTRAS FALTAS CONTRA LAS BUENAS COSTUMBRES;;204;19;587;526;583;;
AREQUIPA;FALTAS;FALTAS CONTRA LAS BUENAS COSTUMBRES;PERTURBACION DE LA TRANQUILIDAD;;4;36;15;17;16;39;20
AREQUIPA;FALTAS;FALTAS CONTRA LAS PERSONAS;AGRESION SIN DAÑO;873;1265;1888;2128;1589;2160;2506;1790
AREQUIPA;FALTAS;FALTAS CONTRA LAS PERSONAS;DAÑO;34;11;;922;872;1129;1387;806
AREQUIPA;FALTAS;FALTAS CONTRA LAS PERSONAS;FALTAS CONTRA LAS PERSONAS;4142;1787;;;;;;
AREQUIPA;FALTAS;FALTAS CONTRA LAS PERSONAS;LESION CULPOSA;1;9;;142;115;77;72;29
AREQUIPA;FALTAS;FALTAS CONTRA LAS PERSONAS;LESION DOLOSA;15;71;964;1187;715;691;768;496
AREQUIPA;FALTAS;FALTAS CONTRA LAS PERSONAS;LESION DOLOSA Y LESION CULPOSA;1040;1667;161;;;;;
AREQUIPA;FALTAS;FALTAS CONTRA LAS PERSONAS;LESIONES;;;327;;;;;
AREQUIPA;FALTAS;FALTAS CONTRA LAS PERSONAS;LESIONES LEVES;;;261;;;;;
AREQUIPA;FALTAS;FALTAS CONTRA LAS PERSONAS;LESIONES LEVES POR VIOLENCIA FAMILIAR;;;68;;;;;
AREQUIPA;FALTAS;FALTAS CONTRA LAS PERSONAS;MALTRATO;;1070;1195;359;423;573;745;599
AREQUIPA;FALTAS;FALTAS CONTRA LAS PERSONAS;MALTRATO SIN LESION;19;42;;;;;;
AREQUIPA;FALTAS;OTRAS FALTAS (ESPECIFIQUE);OTRAS FALTAS (ESPECIFIQUE);7;;;;;;;
AYACUCHO;FALTAS;FALTAS CONTRA EL PATRIMONIO;FALTAS CONTRA EL PATRIMONIO;521;;;;;;;
AYACUCHO;FALTAS;FALTAS CONTRA EL PATRIMONIO;HURTO FAMELICO;;22;4;1;;;2;
AYACUCHO;FALTAS;FALTAS CONTRA EL PATRIMONIO;HURTO SIMPLE;;;87;83;72;112;93;53
AYACUCHO;FALTAS;FALTAS CONTRA EL PATRIMONIO;HURTO SIMPLE Y DAÑO;;679;367;;;;;
AYACUCHO;FALTAS;FALTAS CONTRA EL PATRIMONIO;INGRESO DE ANIMALES EN INMUEBLE AJENO;;15;24;;;;1;
AYACUCHO;FALTAS;FALTAS CONTRA EL PATRIMONIO;ORGANIZACION O PARTICIPACION EN JUEGOS PROHIBIDOS;;38;;;;;;
AYACUCHO;FALTAS;FALTAS CONTRA EL PATRIMONIO;PROTECCION DE SEÑALES SATELITALES ENCRIPTADAS;;5;;;;;;
AYACUCHO;FALTAS;FALTAS CONTRA EL PATRIMONIO;USURPACION BREVE;;51;71;4;5;3;5;1
AYACUCHO;FALTAS;FALTAS CONTRA LA SEGURIDAD PUBLICA;FALTAS CONTRA LA SEGURIDAD PUBLICA;218;131;116;4;5;5;7;2
AYACUCHO;FALTAS;FALTAS CONTRA LA TRANQUILIDAD PUBLICA;FALTAS CONTRA LA TRANQUILIDAD PUBLICA;;44;18;8;5;1;5;2
AYACUCHO;FALTAS;FALTAS CONTRA LAS BUENAS COSTUMBRES;FALTAS CONTRA LAS BUENAS COSTUMBRES;57;;39;;;;;
AYACUCHO;FALTAS;FALTAS CONTRA LAS BUENAS COSTUMBRES;OTRAS FALTAS CONTRA LAS BUENAS COSTUMBRES;;45;35;40;29;22;;
AYACUCHO;FALTAS;FALTAS CONTRA LAS BUENAS COSTUMBRES;PERTURBACION DE LA TRANQUILIDAD;;33;20;4;2;3;1;
AYACUCHO;FALTAS;FALTAS CONTRA LAS PERSONAS;AGRESION SIN DAÑO;;306;239;177;169;171;219;121
AYACUCHO;FALTAS;FALTAS CONTRA LAS PERSONAS;DAÑO;;;;28;68;71;79;53
AYACUCHO;FALTAS;FALTAS CONTRA LAS PERSONAS;FALTAS CONTRA LAS PERSONAS;2509;;;;;;;
AYACUCHO;FALTAS;FALTAS CONTRA LAS PERSONAS;LESION CULPOSA;;;;7;12;5;4;3
AYACUCHO;FALTAS;FALTAS CONTRA LAS PERSONAS;LESION DOLOSA;;;87;131;76;104;72;44
AYACUCHO;FALTAS;FALTAS CONTRA LAS PERSONAS;LESION DOLOSA Y LESION CULPOSA;;1181;120;;;;;
AYACUCHO;FALTAS;FALTAS CONTRA LAS PERSONAS;LESIONES;;;523;;;;;
AYACUCHO;FALTAS;FALTAS CONTRA LAS PERSONAS;LESIONES LEVES;;;5;;;;;
AYACUCHO;FALTAS;FALTAS CONTRA LAS PERSONAS;LESIONES LEVES POR VIOLENCIA FAMILIAR;;;16;;;;;
AYACUCHO;FALTAS;FALTAS CONTRA LAS PERSONAS;MALTRATO;;1266;1340;40;47;69;48;46
CAJAMARCA;FALTAS;FALTAS CONTRA EL PATRIMONIO;DAÑOS MATERIALES;49;178;;;;;;
CAJAMARCA;FALTAS;FALTAS CONTRA EL PATRIMONIO;FALTAS CONTRA EL PATRIMONIO;1096;71;;;;;;
CAJAMARCA;FALTAS;FALTAS CONTRA EL PATRIMONIO;HURTO FAMELICO;;3;9;1;4;3;7;3
CAJAMARCA;FALTAS;FALTAS CONTRA EL PATRIMONIO;HURTO SIMPLE;44;210;233;216;127;134;298;108
CAJAMARCA;FALTAS;FALTAS CONTRA EL PATRIMONIO;HURTO SIMPLE Y DAÑO;;720;609;;;;;
CAJAMARCA;FALTAS;FALTAS CONTRA EL PATRIMONIO;INGRESO DE ANIMALES EN INMUEBLE AJENO;;75;54;2;2;;1;
CAJAMARCA;FALTAS;FALTAS CONTRA EL PATRIMONIO;ORGANIZACION O PARTICIPACION EN JUEGOS PROHIBIDOS;;14;;;;;;
CAJAMARCA;FALTAS;FALTAS CONTRA EL PATRIMONIO;PROTECCION DE SEÑALES SATELITALES ENCRIPTADAS;;1;;;;;;
CAJAMARCA;FALTAS;FALTAS CONTRA EL PATRIMONIO;USURPACION BREVE;;34;75;9;11;25;8;17
CAJAMARCA;FALTAS;FALTAS CONTRA LA SEGURIDAD PUBLICA;FALTAS CONTRA LA SEGURIDAD PUBLICA;379;185;458;3;10;9;3;12
CAJAMARCA;FALTAS;FALTAS CONTRA LA TRANQUILIDAD PUBLICA;FALTAS CONTRA LA TRANQUILIDAD PUBLICA;3;275;82;9;14;10;19;6
CAJAMARCA;FALTAS;FALTAS CONTRA LAS BUENAS COSTUMBRES;FALTAS CONTRA LAS BUENAS COSTUMBRES;109;2;117;;;;;
CAJAMARCA;FALTAS;FALTAS CONTRA LAS BUENAS COSTUMBRES;OTRAS FALTAS CONTRA LAS BUENAS COSTUMBRES;;97;86;143;100;94;;
CAJAMARCA;FALTAS;FALTAS CONTRA LAS BUENAS COSTUMBRES;PERTURBACION DE LA TRANQUILIDAD;;84;42;2;7;6;4;4
CAJAMARCA;FALTAS;FALTAS CONTRA LAS PERSONAS;AGRESION SIN DAÑO;39;875;359;350;248;345;535;260
CAJAMARCA;FALTAS;FALTAS CONTRA LAS PERSONAS;DAÑO;;;;207;192;230;294;158
CAJAMARCA;FALTAS;FALTAS CONTRA LAS PERSONAS;FALTAS CONTRA LAS PERSONAS;2683;109;;;;;;
CAJAMARCA;FALTAS;FALTAS CONTRA LAS PERSONAS;LESION CULPOSA;;;;16;4;8;16;8
CAJAMARCA;FALTAS;FALTAS CONTRA LAS PERSONAS;LESION DOLOSA;;17;124;208;119;113;100;82
CAJAMARCA;FALTAS;FALTAS CONTRA LAS PERSONAS;LESION DOLOSA Y LESION CULPOSA;22;1135;218;;;;;
CAJAMARCA;FALTAS;FALTAS CONTRA LAS PERSONAS;LESIONES;;;732;;;;;
CAJAMARCA;FALTAS;FALTAS CONTRA LAS PERSONAS;LESIONES LEVES;;;13;;;;;
CAJAMARCA;FALTAS;FALTAS CONTRA LAS PERSONAS;LESIONES LEVES POR VIOLENCIA FAMILIAR;;;12;;;;;
CAJAMARCA;FALTAS;FALTAS CONTRA LAS PERSONAS;MALTRATO;;1127;804;34;22;37;46;31
CAJAMARCA;FALTAS;FALTAS CONTRA LAS PERSONAS;MALTRATO SIN LESION;1;;;;;;;
CAJAMARCA;FALTAS;OTRAS FALTAS (ESPECIFIQUE);OTRAS FALTAS (ESPECIFIQUE);80;;;;;;;
CUSCO;FALTAS;FALTAS CONTRA EL PATRIMONIO;DAÑOS MATERIALES;473;586;;;;;;
CUSCO;FALTAS;FALTAS CONTRA EL PATRIMONIO;FALTAS CONTRA EL PATRIMONIO;2572;413;3;;;;;
CUSCO;FALTAS;FALTAS CONTRA EL PATRIMONIO;HURTO FAMELICO;3;8;14;7;1;5;7;5
CUSCO;FALTAS;FALTAS CONTRA EL PATRIMONIO;HURTO SIMPLE;354;429;637;859;558;562;562;372
CUSCO;FALTAS;FALTAS CONTRA EL PATRIMONIO;HURTO SIMPLE Y DAÑO;;1044;734;;;;;
CUSCO;FALTAS;FALTAS CONTRA EL PATRIMONIO;INGRESO DE ANIMALES EN INMUEBLE AJENO;;44;72;;1;1;;1
CUSCO;FALTAS;FALTAS CONTRA EL PATRIMONIO;ORGANIZACION O PARTICIPACION EN JUEGOS PROHIBIDOS;;49;;;;;;
CUSCO;FALTAS;FALTAS CONTRA EL PATRIMONIO;PROTECCION DE SEÑALES SATELITALES ENCRIPTADAS;;16;;;;1;;
CUSCO;FALTAS;FALTAS CONTRA EL PATRIMONIO;USURPACION BREVE;;118;168;17;11;21;8;5
CUSCO;FALTAS;FALTAS CONTRA LA SEGURIDAD PUBLICA;FALTAS CONTRA LA SEGURIDAD PUBLICA;423;240;175;13;19;15;12;10
CUSCO;FALTAS;FALTAS CONTRA LA TRANQUILIDAD PUBLICA;FALTAS CONTRA LA TRANQUILIDAD PUBLICA;5;83;78;21;37;35;32;27
CUSCO;FALTAS;FALTAS CONTRA LAS BUENAS COSTUMBRES;FALTAS CONTRA LAS BUENAS COSTUMBRES;129;24;241;;;;;
CUSCO;FALTAS;FALTAS CONTRA LAS BUENAS COSTUMBRES;OTRAS FALTAS CONTRA LAS BUENAS COSTUMBRES;;1278;56;357;318;247;;
CUSCO;FALTAS;FALTAS CONTRA LAS BUENAS COSTUMBRES;PERTURBACION DE LA TRANQUILIDAD;;60;34;4;6;6;11;7
CUSCO;FALTAS;FALTAS CONTRA LAS PERSONAS;AGRESION SIN DAÑO;215;1303;1652;1462;1205;1192;1455;958
CUSCO;FALTAS;FALTAS CONTRA LAS PERSONAS;DAÑO;;10;;406;361;392;359;248
CUSCO;FALTAS;FALTAS CONTRA LAS PERSONAS;FALTAS CONTRA LAS PERSONAS;6145;908;;;;;;
CUSCO;FALTAS;FALTAS CONTRA LAS PERSONAS;LESION CULPOSA;;4;;47;41;37;43;48
CUSCO;FALTAS;FALTAS CONTRA LAS PERSONAS;LESION DOLOSA;1;12;537;805;542;522;503;420
CUSCO;FALTAS;FALTAS CONTRA LAS PERSONAS;LESION DOLOSA Y LESION CULPOSA;482;1748;310;;;;;
CUSCO;FALTAS;FALTAS CONTRA LAS PERSONAS;LESIONES;;;1103;;;;;
CUSCO;FALTAS;FALTAS CONTRA LAS PERSONAS;LESIONES LEVES;;;206;;;;;
CUSCO;FALTAS;FALTAS CONTRA LAS PERSONAS;LESIONES LEVES POR VIOLENCIA FAMILIAR;;;69;;;;;
CUSCO;FALTAS;FALTAS CONTRA LAS PERSONAS;MALTRATO;;1547;1348;252;390;500;455;374
CUSCO;FALTAS;FALTAS CONTRA LAS PERSONAS;MALTRATO SIN LESION;7;9;;;;;;
CUSCO;FALTAS;OTRAS FALTAS (ESPECIFIQUE);OTRAS FALTAS (ESPECIFIQUE);514;;;;;;;
DEPARTAMENTO DE LIMA 2/;FALTAS;FALTAS CONTRA EL PATRIMONIO;DAÑOS MATERIALES;329;401;;;;;;
DEPARTAMENTO DE LIMA 2/;FALTAS;FALTAS CONTRA EL PATRIMONIO;FALTAS CONTRA EL PATRIMONIO;743;144;;;;;;
DEPARTAMENTO DE LIMA 2/;FALTAS;FALTAS CONTRA EL PATRIMONIO;HURTO FAMELICO;;2;9;4;2;2;7;3
DEPARTAMENTO DE LIMA 2/;FALTAS;FALTAS CONTRA EL PATRIMONIO;HURTO SIMPLE;223;349;288;243;202;204;217;214
DEPARTAMENTO DE LIMA 2/;FALTAS;FALTAS CONTRA EL PATRIMONIO;HURTO SIMPLE Y DAÑO;;348;267;;;;;
DEPARTAMENTO DE LIMA 2/;FALTAS;FALTAS CONTRA EL PATRIMONIO;INGRESO DE ANIMALES EN INMUEBLE AJENO;;9;3;1;1;1;2;1
DEPARTAMENTO DE LIMA 2/;FALTAS;FALTAS CONTRA EL PATRIMONIO;ORGANIZACION O PARTICIPACION EN JUEGOS PROHIBIDOS;;14;1;;;;;
DEPARTAMENTO DE LIMA 2/;FALTAS;FALTAS CONTRA EL PATRIMONIO;PROTECCION DE SEÑALES SATELITALES ENCRIPTADAS;;1;1;;;;;
DEPARTAMENTO DE LIMA 2/;FALTAS;FALTAS CONTRA EL PATRIMONIO;USURPACION BREVE;;18;62;2;1;3;9;8
DEPARTAMENTO DE LIMA 2/;FALTAS;FALTAS CONTRA LA SEGURIDAD PUBLICA;FALTAS CONTRA LA SEGURIDAD PUBLICA;260;11;82;9;3;10;22;12
DEPARTAMENTO DE LIMA 2/;FALTAS;FALTAS CONTRA LA TRANQUILIDAD PUBLICA;FALTAS CONTRA LA TRANQUILIDAD PUBLICA;2;12;63;18;11;13;16;11
DEPARTAMENTO DE LIMA 2/;FALTAS;FALTAS CONTRA LAS BUENAS COSTUMBRES;FALTAS CONTRA LAS BUENAS COSTUMBRES;42;4;90;;;;;
DEPARTAMENTO DE LIMA 2/;FALTAS;FALTAS CONTRA LAS BUENAS COSTUMBRES;OTRAS FALTAS CONTRA LAS BUENAS COSTUMBRES;;395;71;71;67;109;;
DEPARTAMENTO DE LIMA 2/;FALTAS;FALTAS CONTRA LAS BUENAS COSTUMBRES;PERTURBACION DE LA TRANQUILIDAD;;6;23;5;4;5;2;4
DEPARTAMENTO DE LIMA 2/;FALTAS;FALTAS CONTRA LAS PERSONAS;AGRESION SIN DAÑO;216;548;584;537;469;446;534;423
DEPARTAMENTO DE LIMA 2/;FALTAS;FALTAS CONTRA LAS PERSONAS;DAÑO;6;8;;110;123;117;168;143
DEPARTAMENTO DE LIMA 2/;FALTAS;FALTAS CONTRA LAS PERSONAS;FALTAS CONTRA LAS PERSONAS;1920;327;;;;;;
DEPARTAMENTO DE LIMA 2/;FALTAS;FALTAS CONTRA LAS PERSONAS;LESION CULPOSA;4;;;12;5;20;25;12
DEPARTAMENTO DE LIMA 2/;FALTAS;FALTAS CONTRA LAS PERSONAS;LESION DOLOSA;1;6;171;353;203;191;268;219
DEPARTAMENTO DE LIMA 2/;FALTAS;FALTAS CONTRA LAS PERSONAS;LESION DOLOSA Y LESION CULPOSA;238;638;18;;;;;
DEPARTAMENTO DE LIMA 2/;FALTAS;FALTAS CONTRA LAS PERSONAS;LESIONES;;;76;;;;;
DEPARTAMENTO DE LIMA 2/;FALTAS;FALTAS CONTRA LAS PERSONAS;LESIONES LEVES;;;12;;;;;
DEPARTAMENTO DE LIMA 2/;FALTAS;FALTAS CONTRA LAS PERSONAS;LESIONES LEVES POR VIOLENCIA FAMILIAR;;;24;;;;;
DEPARTAMENTO DE LIMA 2/;FALTAS;FALTAS CONTRA LAS PERSONAS;MALTRATO;;515;171;33;51;47;63;41
DEPARTAMENTO DE LIMA 2/;FALTAS;FALTAS CONTRA LAS PERSONAS;MALTRATO SIN LESION;9;9;;;;;;
DEPARTAMENTO DE LIMA 2/;FALTAS;OTRAS FALTAS (ESPECIFIQUE);OTRAS FALTAS (ESPECIFIQUE);2;;;;;;;
HUANCAVELICA;FALTAS;FALTAS CONTRA EL PATRIMONIO;FALTAS CONTRA EL PATRIMONIO;647;1;;;;;;
HUANCAVELICA;FALTAS;FALTAS CONTRA EL PATRIMONIO;HURTO FAMELICO;;1;2;;;1;1;
HUANCAVELICA;FALTAS;FALTAS CONTRA EL PATRIMONIO;HURTO SIMPLE;;3;1;37;36;39;52;27
HUANCAVELICA;FALTAS;FALTAS CONTRA EL PATRIMONIO;HURTO SIMPLE Y DAÑO;;366;443;;;;;
HUANCAVELICA;FALTAS;FALTAS CONTRA EL PATRIMONIO;INGRESO DE ANIMALES EN INMUEBLE AJENO;;26;22;;1;;;
HUANCAVELICA;FALTAS;FALTAS CONTRA EL PATRIMONIO;ORGANIZACION O PARTICIPACION EN JUEGOS PROHIBIDOS;;27;;;;;;
HUANCAVELICA;FALTAS;FALTAS CONTRA EL PATRIMONIO;PROTECCION DE SEÑALES SATELITALES ENCRIPTADAS;;1;1;;;;;
HUANCAVELICA;FALTAS;FALTAS CONTRA EL PATRIMONIO;USURPACION BREVE;;27;61;;6;7;7;1
HUANCAVELICA;FALTAS;FALTAS CONTRA LA SEGURIDAD PUBLICA;FALTAS CONTRA LA SEGURIDAD PUBLICA;86;5;233;4;1;5;4;2
HUANCAVELICA;FALTAS;FALTAS CONTRA LA TRANQUILIDAD PUBLICA;FALTAS CONTRA LA TRANQUILIDAD PUBLICA;;6;30;1;2;8;4;8
HUANCAVELICA;FALTAS;FALTAS CONTRA LAS BUENAS COSTUMBRES;FALTAS CONTRA LAS BUENAS COSTUMBRES;18;;;;;;;
HUANCAVELICA;FALTAS;FALTAS CONTRA LAS BUENAS COSTUMBRES;OTRAS FALTAS CONTRA LAS BUENAS COSTUMBRES;;4;30;5;18;21;;
HUANCAVELICA;FALTAS;FALTAS CONTRA LAS BUENAS COSTUMBRES;PERTURBACION DE LA TRANQUILIDAD;;2;26;;;;2;
HUANCAVELICA;FALTAS;FALTAS CONTRA LAS PERSONAS;AGRESION SIN DAÑO;;128;128;33;102;149;191;109
HUANCAVELICA;FALTAS;FALTAS CONTRA LAS PERSONAS;DAÑO;6;;;31;31;51;71;35
HUANCAVELICA;FALTAS;FALTAS CONTRA LAS PERSONAS;FALTAS CONTRA LAS PERSONAS;2098;1;;;;;;
HUANCAVELICA;FALTAS;FALTAS CONTRA LAS PERSONAS;LESION CULPOSA;;;;2;1;2;4;
HUANCAVELICA;FALTAS;FALTAS CONTRA LAS PERSONAS;LESION DOLOSA;;;1;107;15;7;15;2
HUANCAVELICA;FALTAS;FALTAS CONTRA LAS PERSONAS;LESION DOLOSA Y LESION CULPOSA;;558;505;;;;;
HUANCAVELICA;FALTAS;FALTAS CONTRA LAS PERSONAS;LESIONES;;;346;;;;;
HUANCAVELICA;FALTAS;FALTAS CONTRA LAS PERSONAS;MALTRATO;;1031;812;59;61;104;93;46
HUANCAVELICA;FALTAS;OTRAS FALTAS (ESPECIFIQUE);OTRAS FALTAS (ESPECIFIQUE);1;;;;;;;
HUANUCO;FALTAS;FALTAS CONTRA EL PATRIMONIO;DAÑOS MATERIALES;23;8;;;;;;
HUANUCO;FALTAS;FALTAS CONTRA EL PATRIMONIO;FALTAS CONTRA EL PATRIMONIO;545;19;;;;;;
HUANUCO;FALTAS;FALTAS CONTRA EL PATRIMONIO;HURTO FAMELICO;;3;2;1;1;;1;
HUANUCO;FALTAS;FALTAS CONTRA EL PATRIMONIO;HURTO SIMPLE;151;118;69;145;137;140;124;55
HUANUCO;FALTAS;FALTAS CONTRA EL PATRIMONIO;HURTO SIMPLE Y DAÑO;;278;209;;;;;
HUANUCO;FALTAS;FALTAS CONTRA EL PATRIMONIO;INGRESO DE ANIMALES EN INMUEBLE AJENO;;13;1;;1;;;1
HUANUCO;FALTAS;FALTAS CONTRA EL PATRIMONIO;ORGANIZACION O PARTICIPACION EN JUEGOS PROHIBIDOS;;15;;;;;;
HUANUCO;FALTAS;FALTAS CONTRA EL PATRIMONIO;PROTECCION DE SEÑALES SATELITALES ENCRIPTADAS;;1;;;;;;
HUANUCO;FALTAS;FALTAS CONTRA EL PATRIMONIO;USURPACION BREVE;;10;2;3;1;4;;1
HUANUCO;FALTAS;FALTAS CONTRA LA SEGURIDAD PUBLICA;FALTAS CONTRA LA SEGURIDAD PUBLICA;1158;80;51;6;10;7;10;3
HUANUCO;FALTAS;FALTAS CONTRA LA TRANQUILIDAD PUBLICA;FALTAS CONTRA LA TRANQUILIDAD PUBLICA;6;21;7;9;10;5;14;9
HUANUCO;FALTAS;FALTAS CONTRA LAS BUENAS COSTUMBRES;FALTAS CONTRA LAS BUENAS COSTUMBRES;26;1;28;;;;;
HUANUCO;FALTAS;FALTAS CONTRA LAS BUENAS COSTUMBRES;OTRAS FALTAS CONTRA LAS BUENAS COSTUMBRES;;42;12;29;14;14;;
HUANUCO;FALTAS;FALTAS CONTRA LAS BUENAS COSTUMBRES;PERTURBACION DE LA TRANQUILIDAD;;19;8;;1;2;3;1
HUANUCO;FALTAS;FALTAS CONTRA LAS PERSONAS;AGRESION SIN DAÑO;2;140;100;159;108;72;87;65
HUANUCO;FALTAS;FALTAS CONTRA LAS PERSONAS;DAÑO;;;;73;73;116;148;97
HUANUCO;FALTAS;FALTAS CONTRA LAS PERSONAS;FALTAS CONTRA LAS PERSONAS;2809;32;;;;;;
HUANUCO;FALTAS;FALTAS CONTRA LAS PERSONAS;LESION CULPOSA;;;;3;2;2;4;2
HUANUCO;FALTAS;FALTAS CONTRA LAS PERSONAS;LESION DOLOSA;;3;26;54;33;15;12;4
HUANUCO;FALTAS;FALTAS CONTRA LAS PERSONAS;LESION DOLOSA Y LESION CULPOSA;155;683;658;;;;;
HUANUCO;FALTAS;FALTAS CONTRA LAS PERSONAS;LESIONES;;;234;;;;;
HUANUCO;FALTAS;FALTAS CONTRA LAS PERSONAS;LESIONES LEVES;;;65;;;;;
HUANUCO;FALTAS;FALTAS CONTRA LAS PERSONAS;MALTRATO;;1307;835;149;240;282;192;101
HUANUCO;FALTAS;FALTAS CONTRA LAS PERSONAS;MALTRATO SIN LESION;1;;;;;;;
HUANUCO;FALTAS;OTRAS FALTAS (ESPECIFIQUE);OTRAS FALTAS (ESPECIFIQUE);168;;;;;;;
ICA;FALTAS;FALTAS CONTRA EL PATRIMONIO;DAÑOS MATERIALES;318;365;;;;;;
ICA;FALTAS;FALTAS CONTRA EL PATRIMONIO;FALTAS CONTRA EL PATRIMONIO;1248;323;;;;;;
ICA;FALTAS;FALTAS CONTRA EL PATRIMONIO;HURTO FAMELICO;3;1;5;2;2;3;6;5
ICA;FALTAS;FALTAS CONTRA EL PATRIMONIO;HURTO SIMPLE;300;330;336;437;306;517;560;475
ICA;FALTAS;FALTAS CONTRA EL PATRIMONIO;HURTO SIMPLE Y DAÑO;;331;106;;;;;
ICA;FALTAS;FALTAS CONTRA EL PATRIMONIO;INGRESO DE ANIMALES EN INMUEBLE AJENO;;9;2;2;2;2;3;2
ICA;FALTAS;FALTAS CONTRA EL PATRIMONIO;ORGANIZACION O PARTICIPACION EN JUEGOS PROHIBIDOS;;31;;;;;;
ICA;FALTAS;FALTAS CONTRA EL PATRIMONIO;PROTECCION DE SEÑALES SATELITALES ENCRIPTADAS;;;;3;;;;
ICA;FALTAS;FALTAS CONTRA EL PATRIMONIO;USURPACION BREVE;;29;29;5;6;2;4;
ICA;FALTAS;FALTAS CONTRA LA SEGURIDAD PUBLICA;FALTAS CONTRA LA SEGURIDAD PUBLICA;101;11;36;16;13;30;25;23
ICA;FALTAS;FALTAS CONTRA LA TRANQUILIDAD PUBLICA;FALTAS CONTRA LA TRANQUILIDAD PUBLICA;18;24;54;32;23;37;24;19
ICA;FALTAS;FALTAS CONTRA LAS BUENAS COSTUMBRES;FALTAS CONTRA LAS BUENAS COSTUMBRES;23;11;188;;;;;
ICA;FALTAS;FALTAS CONTRA LAS BUENAS COSTUMBRES;OTRAS FALTAS CONTRA LAS BUENAS COSTUMBRES;;29;38;185;125;116;;
ICA;FALTAS;FALTAS CONTRA LAS BUENAS COSTUMBRES;PERTURBACION DE LA TRANQUILIDAD;;;4;4;10;17;8;12
ICA;FALTAS;FALTAS CONTRA LAS PERSONAS;AGRESION SIN DAÑO;292;432;1004;885;586;691;537;443
ICA;FALTAS;FALTAS CONTRA LAS PERSONAS;DAÑO;18;5;;242;233;320;314;255
ICA;FALTAS;FALTAS CONTRA LAS PERSONAS;FALTAS CONTRA LAS PERSONAS;1527;819;;;;;;
ICA;FALTAS;FALTAS CONTRA LAS PERSONAS;LESION CULPOSA;;4;;45;45;44;25;35
ICA;FALTAS;FALTAS CONTRA LAS PERSONAS;LESION DOLOSA;2;35;221;547;430;595;741;703
ICA;FALTAS;FALTAS CONTRA LAS PERSONAS;LESION DOLOSA Y LESION CULPOSA;258;434;81;;;;;
ICA;FALTAS;FALTAS CONTRA LAS PERSONAS;LESIONES;;;35;;;;;
ICA;FALTAS;FALTAS CONTRA LAS PERSONAS;LESIONES LEVES;;;157;;;;;
ICA;FALTAS;FALTAS CONTRA LAS PERSONAS;LESIONES LEVES POR VIOLENCIA FAMILIAR;;;47;;;;;
ICA;FALTAS;FALTAS CONTRA LAS PERSONAS;MALTRATO;;433;164;446;385;548;594;416
ICA;FALTAS;FALTAS CONTRA LAS PERSONAS;MALTRATO SIN LESION;10;6;;;;;;
JUNIN;FALTAS;FALTAS CONTRA EL PATRIMONIO;DAÑOS MATERIALES;253;247;;;;;;
JUNIN;FALTAS;FALTAS CONTRA EL PATRIMONIO;FALTAS CONTRA EL PATRIMONIO;1582;259;;;;;;
JUNIN;FALTAS;FALTAS CONTRA EL PATRIMONIO;HURTO FAMELICO;12;20;8;4;1;2;3;1
JUNIN;FALTAS;FALTAS CONTRA EL PATRIMONIO;HURTO SIMPLE;908;779;805;1549;846;972;1358;1015
JUNIN;FALTAS;FALTAS CONTRA EL PATRIMONIO;HURTO SIMPLE Y DAÑO;;496;249;;;;;
JUNIN;FALTAS;FALTAS CONTRA EL PATRIMONIO;INGRESO DE ANIMALES EN INMUEBLE AJENO;;12;4;;;2;;
JUNIN;FALTAS;FALTAS CONTRA EL PATRIMONIO;ORGANIZACION O PARTICIPACION EN JUEGOS PROHIBIDOS;;39;;;;;;
JUNIN;FALTAS;FALTAS CONTRA EL PATRIMONIO;PROTECCION DE SEÑALES SATELITALES ENCRIPTADAS;;1;;;;;;
JUNIN;FALTAS;FALTAS CONTRA EL PATRIMONIO;USURPACION BREVE;;25;17;2;1;1;4;2
JUNIN;FALTAS;FALTAS CONTRA LA SEGURIDAD PUBLICA;FALTAS CONTRA LA SEGURIDAD PUBLICA;216;306;126;23;12;9;6;1
JUNIN;FALTAS;FALTAS CONTRA LA TRANQUILIDAD PUBLICA;FALTAS CONTRA LA TRANQUILIDAD PUBLICA;3;36;51;8;20;17;16;4
JUNIN;FALTAS;FALTAS CONTRA LAS BUENAS COSTUMBRES;FALTAS CONTRA LAS BUENAS COSTUMBRES;40;2;147;;;;;
JUNIN;FALTAS;FALTAS CONTRA LAS BUENAS COSTUMBRES;OTRAS FALTAS CONTRA LAS BUENAS COSTUMBRES;;41;170;91;91;106;;
JUNIN;FALTAS;FALTAS CONTRA LAS BUENAS COSTUMBRES;PERTURBACION DE LA TRANQUILIDAD;;11;8;3;4;4;7;3
JUNIN;FALTAS;FALTAS CONTRA LAS PERSONAS;AGRESION SIN DAÑO;96;686;447;578;460;555;590;358
JUNIN;FALTAS;FALTAS CONTRA LAS PERSONAS;DAÑO;;;;244;217;338;476;265
JUNIN;FALTAS;FALTAS CONTRA LAS PERSONAS;FALTAS CONTRA LAS PERSONAS;3070;544;;;;;;
JUNIN;FALTAS;FALTAS CONTRA LAS PERSONAS;LESION CULPOSA;3;4;;96;66;66;46;14
JUNIN;FALTAS;FALTAS CONTRA LAS PERSONAS;LESION DOLOSA;3;7;325;684;490;545;543;361
JUNIN;FALTAS;FALTAS CONTRA LAS PERSONAS;LESION DOLOSA Y LESION CULPOSA;924;1232;267;;;;;
JUNIN;FALTAS;FALTAS CONTRA LAS PERSONAS;LESIONES;;;196;;;;;
JUNIN;FALTAS;FALTAS CONTRA LAS PERSONAS;LESIONES LEVES;;;17;;;;;
JUNIN;FALTAS;FALTAS CONTRA LAS PERSONAS;LESIONES LEVES POR VIOLENCIA FAMILIAR;;;10;;;;;
JUNIN;FALTAS;FALTAS CONTRA LAS PERSONAS;MALTRATO;;1862;1366;84;126;180;205;171
JUNIN;FALTAS;FALTAS CONTRA LAS PERSONAS;MALTRATO SIN LESION;2;5;;;;;;
LA LIBERTAD;FALTAS;FALTAS CONTRA EL PATRIMONIO;DAÑOS MATERIALES;573;673;;;;;;
LA LIBERTAD;FALTAS;FALTAS CONTRA EL PATRIMONIO;FALTAS CONTRA EL PATRIMONIO;898;282;;;;;;
LA LIBERTAD;FALTAS;FALTAS CONTRA EL PATRIMONIO;HURTO FAMELICO;3;23;2;3;7;3;3;8
LA LIBERTAD;FALTAS;FALTAS CONTRA EL PATRIMONIO;HURTO SIMPLE;923;774;895;829;512;395;1133;667
LA LIBERTAD;FALTAS;FALTAS CONTRA EL PATRIMONIO;HURTO SIMPLE Y DAÑO;;596;253;;;;;
LA LIBERTAD;FALTAS;FALTAS CONTRA EL PATRIMONIO;INGRESO DE ANIMALES EN INMUEBLE AJENO;;51;10;;;;;1
LA LIBERTAD;FALTAS;FALTAS CONTRA EL PATRIMONIO;ORGANIZACION O PARTICIPACION EN JUEGOS PROHIBIDOS;;59;;;;;;
LA LIBERTAD;FALTAS;FALTAS CONTRA EL PATRIMONIO;PROTECCION DE SEÑALES SATELITALES ENCRIPTADAS;;1;4;;;;;
LA LIBERTAD;FALTAS;FALTAS CONTRA EL PATRIMONIO;USURPACION BREVE;;57;53;20;12;15;10;11
LA LIBERTAD;FALTAS;FALTAS CONTRA LA SEGURIDAD PUBLICA;FALTAS CONTRA LA SEGURIDAD PUBLICA;244;145;130;12;30;13;13;17
LA LIBERTAD;FALTAS;FALTAS CONTRA LA TRANQUILIDAD PUBLICA;FALTAS CONTRA LA TRANQUILIDAD PUBLICA;21;56;88;42;35;30;31;32
LA LIBERTAD;FALTAS;FALTAS CONTRA LAS BUENAS COSTUMBRES;FALTAS CONTRA LAS BUENAS COSTUMBRES;14;11;194;;;;;
LA LIBERTAD;FALTAS;FALTAS CONTRA LAS BUENAS COSTUMBRES;OTRAS FALTAS CONTRA LAS BUENAS COSTUMBRES;;68;49;153;75;71;;
LA LIBERTAD;FALTAS;FALTAS CONTRA LAS BUENAS COSTUMBRES;PERTURBACION DE LA TRANQUILIDAD;;30;23;10;7;8;3;10
LA LIBERTAD;FALTAS;FALTAS CONTRA LAS PERSONAS;AGRESION SIN DAÑO;357;867;989;808;501;477;559;317
LA LIBERTAD;FALTAS;FALTAS CONTRA LAS PERSONAS;DAÑO;19;2;;215;209;198;322;208
LA LIBERTAD;FALTAS;FALTAS CONTRA LAS PERSONAS;FALTAS CONTRA LAS PERSONAS;2226;418;;;;;;
LA LIBERTAD;FALTAS;FALTAS CONTRA LAS PERSONAS;LESION CULPOSA;;2;;12;17;9;8;
LA LIBERTAD;FALTAS;FALTAS CONTRA LAS PERSONAS;LESION DOLOSA;;1;83;131;96;108;180;90
LA LIBERTAD;FALTAS;FALTAS CONTRA LAS PERSONAS;LESION DOLOSA Y LESION CULPOSA;402;1188;127;;;;;
LA LIBERTAD;FALTAS;FALTAS CONTRA LAS PERSONAS;LESIONES;;;221;;;;;
LA LIBERTAD;FALTAS;FALTAS CONTRA LAS PERSONAS;LESIONES LEVES;;;43;;;;;
LA LIBERTAD;FALTAS;FALTAS CONTRA LAS PERSONAS;LESIONES LEVES POR VIOLENCIA FAMILIAR;;;47;;;;;
LA LIBERTAD;FALTAS;FALTAS CONTRA LAS PERSONAS;MALTRATO;;990;377;54;22;37;33;42
LA LIBERTAD;FALTAS;FALTAS CONTRA LAS PERSONAS;MALTRATO SIN LESION;17;14;;;;;;
LA LIBERTAD;FALTAS;OTRAS FALTAS (ESPECIFIQUE);OTRAS FALTAS (ESPECIFIQUE);1;;;;;;;
LAMBAYEQUE;FALTAS;FALTAS CONTRA EL PATRIMONIO;DAÑOS MATERIALES;728;953;;;;;;
LAMBAYEQUE;FALTAS;FALTAS CONTRA EL PATRIMONIO;FALTAS CONTRA EL PATRIMONIO;959;293;;;;;;
LAMBAYEQUE;FALTAS;FALTAS CONTRA EL PATRIMONIO;HURTO FAMELICO;5;6;2;3;6;5;6;9
LAMBAYEQUE;FALTAS;FALTAS CONTRA EL PATRIMONIO;HURTO SIMPLE;590;489;625;437;641;723;656;391
LAMBAYEQUE;FALTAS;FALTAS CONTRA EL PATRIMONIO;HURTO SIMPLE Y DAÑO;;181;77;;;;;
LAMBAYEQUE;FALTAS;FALTAS CONTRA EL PATRIMONIO;INGRESO DE ANIMALES EN INMUEBLE AJENO;;27;3;1;1;;1;1
LAMBAYEQUE;FALTAS;FALTAS CONTRA EL PATRIMONIO;ORGANIZACION O PARTICIPACION EN JUEGOS PROHIBIDOS;;15;;;;;;
LAMBAYEQUE;FALTAS;FALTAS CONTRA EL PATRIMONIO;PROTECCION DE SEÑALES SATELITALES ENCRIPTADAS;;6;;;;;;
LAMBAYEQUE;FALTAS;FALTAS CONTRA EL PATRIMONIO;USURPACION BREVE;;12;15;11;9;11;12;4
LAMBAYEQUE;FALTAS;FALTAS CONTRA LA SEGURIDAD PUBLICA;FALTAS CONTRA LA SEGURIDAD PUBLICA;52;23;25;15;29;18;11;15
LAMBAYEQUE;FALTAS;FALTAS CONTRA LA TRANQUILIDAD PUBLICA;FALTAS CONTRA LA TRANQUILIDAD PUBLICA;30;37;85;50;76;92;150;99
LAMBAYEQUE;FALTAS;FALTAS CONTRA LAS BUENAS COSTUMBRES;FALTAS CONTRA LAS BUENAS COSTUMBRES;24;18;435;;;;;
LAMBAYEQUE;FALTAS;FALTAS CONTRA LAS BUENAS COSTUMBRES;OTRAS FALTAS CONTRA LAS BUENAS COSTUMBRES;;97;2;356;237;199;;
LAMBAYEQUE;FALTAS;FALTAS CONTRA LAS BUENAS COSTUMBRES;PERTURBACION DE LA TRANQUILIDAD;;51;9;11;10;11;23;9
LAMBAYEQUE;FALTAS;FALTAS CONTRA LAS PERSONAS;AGRESION SIN DAÑO;263;442;713;762;634;667;689;656
LAMBAYEQUE;FALTAS;FALTAS CONTRA LAS PERSONAS;DAÑO;8;5;;414;403;617;630;413
LAMBAYEQUE;FALTAS;FALTAS CONTRA LAS PERSONAS;FALTAS CONTRA LAS PERSONAS;1665;634;;;;;;
LAMBAYEQUE;FALTAS;FALTAS CONTRA LAS PERSONAS;LESION CULPOSA;5;1;;33;102;65;79;61
LAMBAYEQUE;FALTAS;FALTAS CONTRA LAS PERSONAS;LESION DOLOSA;4;23;489;616;515;666;708;422
LAMBAYEQUE;FALTAS;FALTAS CONTRA LAS PERSONAS;LESION DOLOSA Y LESION CULPOSA;460;803;;;;;;
LAMBAYEQUE;FALTAS;FALTAS CONTRA LAS PERSONAS;LESIONES;;;55;;;;;
LAMBAYEQUE;FALTAS;FALTAS CONTRA LAS PERSONAS;LESIONES LEVES;;;87;;;;;
LAMBAYEQUE;FALTAS;FALTAS CONTRA LAS PERSONAS;LESIONES LEVES POR VIOLENCIA FAMILIAR;;;41;;;;;
LAMBAYEQUE;FALTAS;FALTAS CONTRA LAS PERSONAS;MALTRATO;;293;59;80;84;173;195;190
LAMBAYEQUE;FALTAS;FALTAS CONTRA LAS PERSONAS;MALTRATO SIN LESION;36;34;;;;;;
LAMBAYEQUE;FALTAS;OTRAS FALTAS (ESPECIFIQUE);OTRAS FALTAS (ESPECIFIQUE);1;;;;;;;
LIMA METROPOLITANA 1/;FALTAS;FALTAS CONTRA EL PATRIMONIO;CONSUMIR ALIMENTOS SABIENDO QUE NO PUEDE PAGAR;2;;;;;;;
LIMA METROPOLITANA 1/;FALTAS;FALTAS CONTRA EL PATRIMONIO;DAÑOS MATERIALES;5235;4506;;;;;;
LIMA METROPOLITANA 1/;FALTAS;FALTAS CONTRA EL PATRIMONIO;FALTAS CONTRA EL PATRIMONIO;3502;3353;;;;;;
LIMA METROPOLITANA 1/;FALTAS;FALTAS CONTRA EL PATRIMONIO;HURTO FAMELICO;88;85;96;108;60;70;63;38
LIMA METROPOLITANA 1/;FALTAS;FALTAS CONTRA EL PATRIMONIO;HURTO SIMPLE;20018;15931;21830;20681;9011;9208;8236;4877
LIMA METROPOLITANA 1/;FALTAS;FALTAS CONTRA EL PATRIMONIO;HURTO SIMPLE Y DAÑO;;1;228;;;;;
LIMA METROPOLITANA 1/;FALTAS;FALTAS CONTRA EL PATRIMONIO;INGRESO DE ANIMALES EN INMUEBLE AJENO;;;3;2;1;1;;2
LIMA METROPOLITANA 1/;FALTAS;FALTAS CONTRA EL PATRIMONIO;PROTECCION DE SEÑALES SATELITALES ENCRIPTADAS;;;1;;;;2;
LIMA METROPOLITANA 1/;FALTAS;FALTAS CONTRA EL PATRIMONIO;USURPACION BREVE;;1;4;12;15;16;12;7
LIMA METROPOLITANA 1/;FALTAS;FALTAS CONTRA LA SEGURIDAD PUBLICA;FALTAS CONTRA LA SEGURIDAD PUBLICA;33;46;53;51;56;75;58;26
LIMA METROPOLITANA 1/;FALTAS;FALTAS CONTRA LA TRANQUILIDAD PUBLICA;FALTAS CONTRA LA TRANQUILIDAD PUBLICA;144;129;145;143;99;169;169;80
LIMA METROPOLITANA 1/;FALTAS;FALTAS CONTRA LAS BUENAS COSTUMBRES;FALTAS CONTRA LAS BUENAS COSTUMBRES;68;68;748;;;;;
LIMA METROPOLITANA 1/;FALTAS;FALTAS CONTRA LAS BUENAS COSTUMBRES;OTRAS FALTAS CONTRA LAS BUENAS COSTUMBRES;;67;;438;378;393;;
LIMA METROPOLITANA 1/;FALTAS;FALTAS CONTRA LAS BUENAS COSTUMBRES;PERTURBACION DE LA TRANQUILIDAD;;2;18;17;28;48;61;35
LIMA METROPOLITANA 1/;FALTAS;FALTAS CONTRA LAS PERSONAS;AGRESION SIN DAÑO;6136;6076;8454;7353;4749;5200;4796;3133
LIMA METROPOLITANA 1/;FALTAS;FALTAS CONTRA LAS PERSONAS;DAÑO;43;86;;1011;778;995;1082;793
LIMA METROPOLITANA 1/;FALTAS;FALTAS CONTRA LAS PERSONAS;FALTAS CONTRA LAS PERSONAS;7281;6701;;;;;;
LIMA METROPOLITANA 1/;FALTAS;FALTAS CONTRA LAS PERSONAS;LESION CULPOSA;41;49;;373;232;211;183;133
LIMA METROPOLITANA 1/;FALTAS;FALTAS CONTRA LAS PERSONAS;LESION DOLOSA;255;448;3800;4985;3192;3440;3627;2458
LIMA METROPOLITANA 1/;FALTAS;FALTAS CONTRA LAS PERSONAS;LESION DOLOSA Y LESION CULPOSA;6511;5820;177;;;;;
LIMA METROPOLITANA 1/;FALTAS;FALTAS CONTRA LAS PERSONAS;LESIONES;;;36;;;;;
LIMA METROPOLITANA 1/;FALTAS;FALTAS CONTRA LAS PERSONAS;LESIONES LEVES;;;789;;;;;
LIMA METROPOLITANA 1/;FALTAS;FALTAS CONTRA LAS PERSONAS;LESIONES LEVES POR VIOLENCIA FAMILIAR;;;154;;;;;
LIMA METROPOLITANA 1/;FALTAS;FALTAS CONTRA LAS PERSONAS;MALTRATO;;37;333;1646;1469;1525;1787;1238
LIMA METROPOLITANA 1/;FALTAS;FALTAS CONTRA LAS PERSONAS;MALTRATO SIN LESION;191;201;;;;;;
LORETO;FALTAS;FALTAS CONTRA EL PATRIMONIO;DAÑOS MATERIALES;;58;;;;;;
LORETO;FALTAS;FALTAS CONTRA EL PATRIMONIO;FALTAS CONTRA EL PATRIMONIO;558;21;;;;;;
LORETO;FALTAS;FALTAS CONTRA EL PATRIMONIO;HURTO FAMELICO;;1;4;2;3;;;
LORETO;FALTAS;FALTAS CONTRA EL PATRIMONIO;HURTO SIMPLE;1;46;174;193;73;88;122;54
LORETO;FALTAS;FALTAS CONTRA EL PATRIMONIO;HURTO SIMPLE Y DAÑO;;200;121;;;;;
LORETO;FALTAS;FALTAS CONTRA EL PATRIMONIO;INGRESO DE ANIMALES EN INMUEBLE AJENO;;2;4;;;;;
LORETO;FALTAS;FALTAS CONTRA EL PATRIMONIO;ORGANIZACION O PARTICIPACION EN JUEGOS PROHIBIDOS;;3;;;;;;
LORETO;FALTAS;FALTAS CONTRA EL PATRIMONIO;USURPACION BREVE;;3;1;1;;1;2;2
LORETO;FALTAS;FALTAS CONTRA LA SEGURIDAD PUBLICA;FALTAS CONTRA LA SEGURIDAD PUBLICA;1224;136;17;5;5;5;6;1
LORETO;FALTAS;FALTAS CONTRA LA TRANQUILIDAD PUBLICA;FALTAS CONTRA LA TRANQUILIDAD PUBLICA;;19;21;36;33;31;11;13
LORETO;FALTAS;FALTAS CONTRA LAS BUENAS COSTUMBRES;FALTAS CONTRA LAS BUENAS COSTUMBRES;16;4;17;;;;;
LORETO;FALTAS;FALTAS CONTRA LAS BUENAS COSTUMBRES;OTRAS FALTAS CONTRA LAS BUENAS COSTUMBRES;;424;2;28;16;19;;
LORETO;FALTAS;FALTAS CONTRA LAS BUENAS COSTUMBRES;PERTURBACION DE LA TRANQUILIDAD;;7;33;3;3;1;;2
LORETO;FALTAS;FALTAS CONTRA LAS PERSONAS;AGRESION SIN DAÑO;;193;327;298;159;253;364;227
LORETO;FALTAS;FALTAS CONTRA LAS PERSONAS;DAÑO;;11;;69;35;42;56;43
LORETO;FALTAS;FALTAS CONTRA LAS PERSONAS;FALTAS CONTRA LAS PERSONAS;2204;197;;;;;;
LORETO;FALTAS;FALTAS CONTRA LAS PERSONAS;LESION CULPOSA;;;;11;13;8;18;7
LORETO;FALTAS;FALTAS CONTRA LAS PERSONAS;LESION DOLOSA;;1;189;344;234;105;190;101
LORETO;FALTAS;FALTAS CONTRA LAS PERSONAS;LESION DOLOSA Y LESION CULPOSA;5;589;49;;;;;
LORETO;FALTAS;FALTAS CONTRA LAS PERSONAS;LESIONES;;;89;;;;;
LORETO;FALTAS;FALTAS CONTRA LAS PERSONAS;LESIONES LEVES;;;107;;;;;
LORETO;FALTAS;FALTAS CONTRA LAS PERSONAS;LESIONES LEVES POR VIOLENCIA FAMILIAR;;;3;;;;;
LORETO;FALTAS;FALTAS CONTRA LAS PERSONAS;MALTRATO;;740;336;161;165;156;156;90
LORETO;FALTAS;FALTAS CONTRA LAS PERSONAS;MALTRATO SIN LESION;1;12;;;;;;
LORETO;FALTAS;OTRAS FALTAS (ESPECIFIQUE);OTRAS FALTAS (ESPECIFIQUE);5;;;;;;;
MADRE DE DIOS;FALTAS;FALTAS CONTRA EL PATRIMONIO;FALTAS CONTRA EL PATRIMONIO;419;;;;;;;
MADRE DE DIOS;FALTAS;FALTAS CONTRA EL PATRIMONIO;HURTO FAMELICO;;2;1;;2;;;
MADRE DE DIOS;FALTAS;FALTAS CONTRA EL PATRIMONIO;HURTO SIMPLE;;;10;65;58;53;68;27
MADRE DE DIOS;FALTAS;FALTAS CONTRA EL PATRIMONIO;HURTO SIMPLE Y DAÑO;;126;133;;;;;
MADRE DE DIOS;FALTAS;FALTAS CONTRA EL PATRIMONIO;INGRESO DE ANIMALES EN INMUEBLE AJENO;;1;1;;1;;;
MADRE DE DIOS;FALTAS;FALTAS CONTRA EL PATRIMONIO;ORGANIZACION O PARTICIPACION EN JUEGOS PROHIBIDOS;;9;;;;;;
MADRE DE DIOS;FALTAS;FALTAS CONTRA EL PATRIMONIO;USURPACION BREVE;;16;27;4;2;1;1;
MADRE DE DIOS;FALTAS;FALTAS CONTRA LA SEGURIDAD PUBLICA;FALTAS CONTRA LA SEGURIDAD PUBLICA;2045;9;305;;3;1;6;1
MADRE DE DIOS;FALTAS;FALTAS CONTRA LA TRANQUILIDAD PUBLICA;FALTAS CONTRA LA TRANQUILIDAD PUBLICA;;;170;3;3;1;2;3
MADRE DE DIOS;FALTAS;FALTAS CONTRA LAS BUENAS COSTUMBRES;FALTAS CONTRA LAS BUENAS COSTUMBRES;26;;13;;;;;
MADRE DE DIOS;FALTAS;FALTAS CONTRA LAS BUENAS COSTUMBRES;OTRAS FALTAS CONTRA LAS BUENAS COSTUMBRES;;88;17;2;2;2;;
MADRE DE DIOS;FALTAS;FALTAS CONTRA LAS BUENAS COSTUMBRES;PERTURBACION DE LA TRANQUILIDAD;;1;36;2;;;;2
MADRE DE DIOS;FALTAS;FALTAS CONTRA LAS PERSONAS;AGRESION SIN DAÑO;;97;88;82;104;79;79;28
MADRE DE DIOS;FALTAS;FALTAS CONTRA LAS PERSONAS;DAÑO;;;;24;31;21;23;6
MADRE DE DIOS;FALTAS;FALTAS CONTRA LAS PERSONAS;FALTAS CONTRA LAS PERSONAS;1084;;;;;;;
MADRE DE DIOS;FALTAS;FALTAS CONTRA LAS PERSONAS;LESION CULPOSA;;;;17;15;20;15;3
MADRE DE DIOS;FALTAS;FALTAS CONTRA LAS PERSONAS;LESION DOLOSA;;;82;207;154;168;112;51
MADRE DE DIOS;FALTAS;FALTAS CONTRA LAS PERSONAS;LESION DOLOSA Y LESION CULPOSA;;225;38;;;;;
MADRE DE DIOS;FALTAS;FALTAS CONTRA LAS PERSONAS;LESIONES;;;151;;;;;
MADRE DE DIOS;FALTAS;FALTAS CONTRA LAS PERSONAS;LESIONES LEVES;;;11;;;;;
MADRE DE DIOS;FALTAS;FALTAS CONTRA LAS PERSONAS;LESIONES LEVES POR VIOLENCIA FAMILIAR;;;1;;;;;
MADRE DE DIOS;FALTAS;FALTAS CONTRA LAS PERSONAS;MALTRATO;;269;275;18;18;29;12;3
MOQUEGUA;FALTAS;FALTAS CONTRA EL PATRIMONIO;DAÑOS MATERIALES;112;68;;;;;;
MOQUEGUA;FALTAS;FALTAS CONTRA EL PATRIMONIO;FALTAS CONTRA EL PATRIMONIO;354;38;;;;;;
MOQUEGUA;FALTAS;FALTAS CONTRA EL PATRIMONIO;HURTO FAMELICO;;2;4;1;;1;2;1
MOQUEGUA;FALTAS;FALTAS CONTRA EL PATRIMONIO;HURTO SIMPLE;77;99;83;204;85;137;190;125
MOQUEGUA;FALTAS;FALTAS CONTRA EL PATRIMONIO;HURTO SIMPLE Y DAÑO;;191;229;;;;;
MOQUEGUA;FALTAS;FALTAS CONTRA EL PATRIMONIO;INGRESO DE ANIMALES EN INMUEBLE AJENO;;8;;1;;;1;
MOQUEGUA;FALTAS;FALTAS CONTRA EL PATRIMONIO;ORGANIZACION O PARTICIPACION EN JUEGOS PROHIBIDOS;;20;;;;;;
MOQUEGUA;FALTAS;FALTAS CONTRA EL PATRIMONIO;USURPACION BREVE;;17;9;1;1;;;2
MOQUEGUA;FALTAS;FALTAS CONTRA LA SEGURIDAD PUBLICA;FALTAS CONTRA LA SEGURIDAD PUBLICA;12;15;81;4;5;4;;1
MOQUEGUA;FALTAS;FALTAS CONTRA LA TRANQUILIDAD PUBLICA;FALTAS CONTRA LA TRANQUILIDAD PUBLICA;6;2;4;27;2;11;8;4
MOQUEGUA;FALTAS;FALTAS CONTRA LAS BUENAS COSTUMBRES;FALTAS CONTRA LAS BUENAS COSTUMBRES;9;1;58;;;;;
MOQUEGUA;FALTAS;FALTAS CONTRA LAS BUENAS COSTUMBRES;OTRAS FALTAS CONTRA LAS BUENAS COSTUMBRES;;6;7;153;110;117;;
MOQUEGUA;FALTAS;FALTAS CONTRA LAS BUENAS COSTUMBRES;PERTURBACION DE LA TRANQUILIDAD;;;7;;;2;;1
MOQUEGUA;FALTAS;FALTAS CONTRA LAS PERSONAS;AGRESION SIN DAÑO;91;108;116;64;39;81;82;88
MOQUEGUA;FALTAS;FALTAS CONTRA LAS PERSONAS;DAÑO;3;4;;34;37;78;91;48
MOQUEGUA;FALTAS;FALTAS CONTRA LAS PERSONAS;FALTAS CONTRA LAS PERSONAS;477;78;;;;;;
MOQUEGUA;FALTAS;FALTAS CONTRA LAS PERSONAS;LESION CULPOSA;;;;17;3;13;9;1
MOQUEGUA;FALTAS;FALTAS CONTRA LAS PERSONAS;LESION DOLOSA;;2;7;61;44;69;118;93
MOQUEGUA;FALTAS;FALTAS CONTRA LAS PERSONAS;LESION DOLOSA Y LESION CULPOSA;128;152;49;;;;;
MOQUEGUA;FALTAS;FALTAS CONTRA LAS PERSONAS;LESIONES;;;55;;;;;
MOQUEGUA;FALTAS;FALTAS CONTRA LAS PERSONAS;LESIONES LEVES;;;13;;;;;
MOQUEGUA;FALTAS;FALTAS CONTRA LAS PERSONAS;MALTRATO;;223;158;44;47;50;68;55
MOQUEGUA;FALTAS;FALTAS CONTRA LAS PERSONAS;MALTRATO SIN LESION;14;5;;;;;;
PASCO;FALTAS;FALTAS CONTRA EL PATRIMONIO;DAÑOS MATERIALES;2;2;;;;;;
PASCO;FALTAS;FALTAS CONTRA EL PATRIMONIO;FALTAS CONTRA EL PATRIMONIO;454;5;;;;;;
PASCO;FALTAS;FALTAS CONTRA EL PATRIMONIO;HURTO FAMELICO;;;3;;1;1;;
PASCO;FALTAS;FALTAS CONTRA EL PATRIMONIO;HURTO SIMPLE;9;22;45;101;60;63;75;26
PASCO;FALTAS;FALTAS CONTRA EL PATRIMONIO;HURTO SIMPLE Y DAÑO;;88;397;;;;;
PASCO;FALTAS;FALTAS CONTRA EL PATRIMONIO;INGRESO DE ANIMALES EN INMUEBLE AJENO;;6;5;1;;1;;
PASCO;FALTAS;FALTAS CONTRA EL PATRIMONIO;ORGANIZACION O PARTICIPACION EN JUEGOS PROHIBIDOS;;5;;;;;;
PASCO;FALTAS;FALTAS CONTRA EL PATRIMONIO;USURPACION BREVE;;17;15;;5;;2;1
PASCO;FALTAS;FALTAS CONTRA LA SEGURIDAD PUBLICA;FALTAS CONTRA LA SEGURIDAD PUBLICA;43;19;470;2;4;1;17;1
PASCO;FALTAS;FALTAS CONTRA LA TRANQUILIDAD PUBLICA;FALTAS CONTRA LA TRANQUILIDAD PUBLICA;;3;26;2;3;4;7;3
PASCO;FALTAS;FALTAS CONTRA LAS BUENAS COSTUMBRES;FALTAS CONTRA LAS BUENAS COSTUMBRES;13;;30;;;;;
PASCO;FALTAS;FALTAS CONTRA LAS BUENAS COSTUMBRES;OTRAS FALTAS CONTRA LAS BUENAS COSTUMBRES;;55;60;19;45;22;;
PASCO;FALTAS;FALTAS CONTRA LAS BUENAS COSTUMBRES;PERTURBACION DE LA TRANQUILIDAD;;5;41;1;1;;1;1
PASCO;FALTAS;FALTAS CONTRA LAS PERSONAS;AGRESION SIN DAÑO;2;40;61;111;61;61;55;22
PASCO;FALTAS;FALTAS CONTRA LAS PERSONAS;DAÑO;;;;33;15;26;43;14
PASCO;FALTAS;FALTAS CONTRA LAS PERSONAS;FALTAS CONTRA LAS PERSONAS;880;8;;;;;;
PASCO;FALTAS;FALTAS CONTRA LAS PERSONAS;LESION CULPOSA;;;;;;;3;1
PASCO;FALTAS;FALTAS CONTRA LAS PERSONAS;LESION DOLOSA;;1;39;44;4;9;13;9
PASCO;FALTAS;FALTAS CONTRA LAS PERSONAS;LESION DOLOSA Y LESION CULPOSA;24;397;141;;;;;
PASCO;FALTAS;FALTAS CONTRA LAS PERSONAS;LESIONES;;;86;;;;;
PASCO;FALTAS;FALTAS CONTRA LAS PERSONAS;LESIONES LEVES;;;2;;;;;
PASCO;FALTAS;FALTAS CONTRA LAS PERSONAS;LESIONES LEVES POR VIOLENCIA FAMILIAR;;;1;;;;;
PASCO;FALTAS;FALTAS CONTRA LAS PERSONAS;MALTRATO;;434;635;4;3;18;46;16
PASCO;FALTAS;FALTAS CONTRA LAS PERSONAS;MALTRATO SIN LESION;;1;;;;;;
PASCO;FALTAS;OTRAS FALTAS (ESPECIFIQUE);OTRAS FALTAS (ESPECIFIQUE);23;;;;;;;
PIURA;FALTAS;FALTAS CONTRA EL PATRIMONIO;DAÑOS MATERIALES;627;723;;;;;;
PIURA;FALTAS;FALTAS CONTRA EL PATRIMONIO;FALTAS CONTRA EL PATRIMONIO;3121;66;;;;;;
PIURA;FALTAS;FALTAS CONTRA EL PATRIMONIO;HURTO FAMELICO;1;12;2;2;8;3;2;4
PIURA;FALTAS;FALTAS CONTRA EL PATRIMONIO;HURTO SIMPLE;409;367;422;431;288;352;263;161
PIURA;FALTAS;FALTAS CONTRA EL PATRIMONIO;HURTO SIMPLE Y DAÑO;;1294;839;;;;;
PIURA;FALTAS;FALTAS CONTRA EL PATRIMONIO;INGRESO DE ANIMALES EN INMUEBLE AJENO;;27;29;1;1;;4;2
PIURA;FALTAS;FALTAS CONTRA EL PATRIMONIO;ORGANIZACION O PARTICIPACION EN JUEGOS PROHIBIDOS;;55;;;;;;
PIURA;FALTAS;FALTAS CONTRA EL PATRIMONIO;PROTECCION DE SEÑALES SATELITALES ENCRIPTADAS;;8;;;;;;
PIURA;FALTAS;FALTAS CONTRA EL PATRIMONIO;USURPACION BREVE;;78;58;28;18;6;8;2
PIURA;FALTAS;FALTAS CONTRA LA SEGURIDAD PUBLICA;FALTAS CONTRA LA SEGURIDAD PUBLICA;407;624;495;59;49;52;29;7
PIURA;FALTAS;FALTAS CONTRA LA TRANQUILIDAD PUBLICA;FALTAS CONTRA LA TRANQUILIDAD PUBLICA;9;60;57;91;95;140;79;21
PIURA;FALTAS;FALTAS CONTRA LAS BUENAS COSTUMBRES;FALTAS CONTRA LAS BUENAS COSTUMBRES;71;7;73;;;;;
PIURA;FALTAS;FALTAS CONTRA LAS BUENAS COSTUMBRES;OTRAS FALTAS CONTRA LAS BUENAS COSTUMBRES;;98;53;125;85;106;;
PIURA;FALTAS;FALTAS CONTRA LAS BUENAS COSTUMBRES;PERTURBACION DE LA TRANQUILIDAD;;26;61;3;4;8;8;7
PIURA;FALTAS;FALTAS CONTRA LAS PERSONAS;AGRESION SIN DAÑO;276;802;795;634;486;568;629;400
PIURA;FALTAS;FALTAS CONTRA LAS PERSONAS;DAÑO;2;4;;317;413;474;484;264
PIURA;FALTAS;FALTAS CONTRA LAS PERSONAS;FALTAS CONTRA LAS PERSONAS;3271;130;;;;;;
PIURA;FALTAS;FALTAS CONTRA LAS PERSONAS;LESION CULPOSA;1;1;;16;12;20;13;8
PIURA;FALTAS;FALTAS CONTRA LAS PERSONAS;LESION DOLOSA;5;9;48;104;72;89;87;54
PIURA;FALTAS;FALTAS CONTRA LAS PERSONAS;LESION DOLOSA Y LESION CULPOSA;315;812;306;;;;;
PIURA;FALTAS;FALTAS CONTRA LAS PERSONAS;LESIONES;;;397;;;;;
PIURA;FALTAS;FALTAS CONTRA LAS PERSONAS;LESIONES LEVES;;;22;;;;;
PIURA;FALTAS;FALTAS CONTRA LAS PERSONAS;LESIONES LEVES POR VIOLENCIA FAMILIAR;;;46;;;;;
PIURA;FALTAS;FALTAS CONTRA LAS PERSONAS;MALTRATO;;1272;1442;17;19;34;67;65
PIURA;FALTAS;FALTAS CONTRA LAS PERSONAS;MALTRATO SIN LESION;5;11;;;;;;
PIURA;FALTAS;OTRAS FALTAS (ESPECIFIQUE);OTRAS FALTAS (ESPECIFIQUE);341;;;;;;;
PROVINCIA CONSTITUCIONAL DEL CALLAO;FALTAS;FALTAS CONTRA EL PATRIMONIO;DAÑOS MATERIALES;795;602;;;;;;
PROVINCIA CONSTITUCIONAL DEL CALLAO;FALTAS;FALTAS CONTRA EL PATRIMONIO;FALTAS CONTRA EL PATRIMONIO;555;478;;;;;;
PROVINCIA CONSTITUCIONAL DEL CALLAO;FALTAS;FALTAS CONTRA EL PATRIMONIO;HURTO FAMELICO;15;10;7;13;4;4;4;6
PROVINCIA CONSTITUCIONAL DEL CALLAO;FALTAS;FALTAS CONTRA EL PATRIMONIO;HURTO SIMPLE;2049;1990;1822;1328;512;672;363;154
PROVINCIA CONSTITUCIONAL DEL CALLAO;FALTAS;FALTAS CONTRA EL PATRIMONIO;USURPACION BREVE;;;;;2;;1;
PROVINCIA CONSTITUCIONAL DEL CALLAO;FALTAS;FALTAS CONTRA LA SEGURIDAD PUBLICA;FALTAS CONTRA LA SEGURIDAD PUBLICA;6;3;9;6;8;7;21;2
PROVINCIA CONSTITUCIONAL DEL CALLAO;FALTAS;FALTAS CONTRA LA TRANQUILIDAD PUBLICA;FALTAS CONTRA LA TRANQUILIDAD PUBLICA;35;20;14;23;18;19;11;5
PROVINCIA CONSTITUCIONAL DEL CALLAO;FALTAS;FALTAS CONTRA LAS BUENAS COSTUMBRES;FALTAS CONTRA LAS BUENAS COSTUMBRES;13;7;171;;;;;
PROVINCIA CONSTITUCIONAL DEL CALLAO;FALTAS;FALTAS CONTRA LAS BUENAS COSTUMBRES;OTRAS FALTAS CONTRA LAS BUENAS COSTUMBRES;;12;;205;66;22;;
PROVINCIA CONSTITUCIONAL DEL CALLAO;FALTAS;FALTAS CONTRA LAS BUENAS COSTUMBRES;PERTURBACION DE LA TRANQUILIDAD;;;1;2;5;9;12;4
PROVINCIA CONSTITUCIONAL DEL CALLAO;FALTAS;FALTAS CONTRA LAS PERSONAS;AGRESION SIN DAÑO;696;682;1075;806;549;477;449;389
PROVINCIA CONSTITUCIONAL DEL CALLAO;FALTAS;FALTAS CONTRA LAS PERSONAS;DAÑO;;4;;157;101;143;95;50
PROVINCIA CONSTITUCIONAL DEL CALLAO;FALTAS;FALTAS CONTRA LAS PERSONAS;FALTAS CONTRA LAS PERSONAS;1066;1045;;;;;;
PROVINCIA CONSTITUCIONAL DEL CALLAO;FALTAS;FALTAS CONTRA LAS PERSONAS;LESION CULPOSA;6;4;;48;33;29;27;13
PROVINCIA CONSTITUCIONAL DEL CALLAO;FALTAS;FALTAS CONTRA LAS PERSONAS;LESION DOLOSA;58;84;501;904;640;535;343;256
PROVINCIA CONSTITUCIONAL DEL CALLAO;FALTAS;FALTAS CONTRA LAS PERSONAS;LESION DOLOSA Y LESION CULPOSA;921;761;;;;;;
PROVINCIA CONSTITUCIONAL DEL CALLAO;FALTAS;FALTAS CONTRA LAS PERSONAS;LESIONES LEVES;;;45;;;;;
PROVINCIA CONSTITUCIONAL DEL CALLAO;FALTAS;FALTAS CONTRA LAS PERSONAS;LESIONES LEVES POR VIOLENCIA FAMILIAR;;;29;;;;;
PROVINCIA CONSTITUCIONAL DEL CALLAO;FALTAS;FALTAS CONTRA LAS PERSONAS;MALTRATO;;;;218;199;277;145;125
PROVINCIA CONSTITUCIONAL DEL CALLAO;FALTAS;FALTAS CONTRA LAS PERSONAS;MALTRATO SIN LESION;37;30;;;;;;
PUNO;FALTAS;FALTAS CONTRA EL PATRIMONIO;DAÑOS MATERIALES;12;133;;;;;;
PUNO;FALTAS;FALTAS CONTRA EL PATRIMONIO;FALTAS CONTRA EL PATRIMONIO;1350;73;;;;;;
PUNO;FALTAS;FALTAS CONTRA EL PATRIMONIO;HURTO FAMELICO;;9;1;;1;;3;
PUNO;FALTAS;FALTAS CONTRA EL PATRIMONIO;HURTO SIMPLE;9;210;333;313;185;251;319;131
PUNO;FALTAS;FALTAS CONTRA EL PATRIMONIO;HURTO SIMPLE Y DAÑO;;578;453;;;;;
PUNO;FALTAS;FALTAS CONTRA EL PATRIMONIO;INGRESO DE ANIMALES EN INMUEBLE AJENO;;22;16;2;2;4;;2
PUNO;FALTAS;FALTAS CONTRA EL PATRIMONIO;ORGANIZACION O PARTICIPACION EN JUEGOS PROHIBIDOS;;36;;;;;;
PUNO;FALTAS;FALTAS CONTRA EL PATRIMONIO;PROTECCION DE SEÑALES SATELITALES ENCRIPTADAS;;2;;;;;;
PUNO;FALTAS;FALTAS CONTRA EL PATRIMONIO;USURPACION BREVE;;69;71;25;14;36;16;18
PUNO;FALTAS;FALTAS CONTRA LA SEGURIDAD PUBLICA;FALTAS CONTRA LA SEGURIDAD PUBLICA;429;226;128;15;17;12;18;3
PUNO;FALTAS;FALTAS CONTRA LA TRANQUILIDAD PUBLICA;FALTAS CONTRA LA TRANQUILIDAD PUBLICA;;32;40;16;12;25;17;6
PUNO;FALTAS;FALTAS CONTRA LAS BUENAS COSTUMBRES;FALTAS CONTRA LAS BUENAS COSTUMBRES;68;3;40;;;;;
PUNO;FALTAS;FALTAS CONTRA LAS BUENAS COSTUMBRES;OTRAS FALTAS CONTRA LAS BUENAS COSTUMBRES;;105;14;111;61;91;;
PUNO;FALTAS;FALTAS CONTRA LAS BUENAS COSTUMBRES;PERTURBACION DE LA TRANQUILIDAD;;21;24;2;1;1;4;1
PUNO;FALTAS;FALTAS CONTRA LAS PERSONAS;AGRESION SIN DAÑO;25;1007;559;754;549;705;544;273
PUNO;FALTAS;FALTAS CONTRA LAS PERSONAS;DAÑO;;;;109;53;120;108;58
PUNO;FALTAS;FALTAS CONTRA LAS PERSONAS;FALTAS CONTRA LAS PERSONAS;3572;298;;;;;;
PUNO;FALTAS;FALTAS CONTRA LAS PERSONAS;LESION CULPOSA;;;;10;15;8;23;9
PUNO;FALTAS;FALTAS CONTRA LAS PERSONAS;LESION DOLOSA;;50;311;174;110;195;224;79
PUNO;FALTAS;FALTAS CONTRA LAS PERSONAS;LESION DOLOSA Y LESION CULPOSA;8;1807;226;;;;;
PUNO;FALTAS;FALTAS CONTRA LAS PERSONAS;LESIONES;;;500;;;;;
PUNO;FALTAS;FALTAS CONTRA LAS PERSONAS;LESIONES LEVES;;;11;;;;;
PUNO;FALTAS;FALTAS CONTRA LAS PERSONAS;LESIONES LEVES POR VIOLENCIA FAMILIAR;;;28;;;;;
PUNO;FALTAS;FALTAS CONTRA LAS PERSONAS;MALTRATO;;1471;1732;63;39;66;58;19
PUNO;FALTAS;OTRAS FALTAS (ESPECIFIQUE);OTRAS FALTAS (ESPECIFIQUE);144;;;;;;;
SAN MARTIN;FALTAS;FALTAS CONTRA EL PATRIMONIO;FALTAS CONTRA EL PATRIMONIO;1028;;;;;;;
SAN MARTIN;FALTAS;FALTAS CONTRA EL PATRIMONIO;HURTO FAMELICO;;;3;1;2;;1;1
SAN MARTIN;FALTAS;FALTAS CONTRA EL PATRIMONIO;HURTO SIMPLE;;;20;101;73;102;116;55
SAN MARTIN;FALTAS;FALTAS CONTRA EL PATRIMONIO;HURTO SIMPLE Y DAÑO;;464;229;;;;;
SAN MARTIN;FALTAS;FALTAS CONTRA EL PATRIMONIO;INGRESO DE ANIMALES EN INMUEBLE AJENO;;16;1;;1;;;
SAN MARTIN;FALTAS;FALTAS CONTRA EL PATRIMONIO;ORGANIZACION O PARTICIPACION EN JUEGOS PROHIBIDOS;;20;;;;;;
SAN MARTIN;FALTAS;FALTAS CONTRA EL PATRIMONIO;USURPACION BREVE;;21;18;6;3;5;1;
SAN MARTIN;FALTAS;FALTAS CONTRA LA SEGURIDAD PUBLICA;FALTAS CONTRA LA SEGURIDAD PUBLICA;1821;527;327;2;9;4;19;6
SAN MARTIN;FALTAS;FALTAS CONTRA LA TRANQUILIDAD PUBLICA;FALTAS CONTRA LA TRANQUILIDAD PUBLICA;;41;23;10;8;10;14;9
SAN MARTIN;FALTAS;FALTAS CONTRA LAS BUENAS COSTUMBRES;FALTAS CONTRA LAS BUENAS COSTUMBRES;192;;8;;;;;
SAN MARTIN;FALTAS;FALTAS CONTRA LAS BUENAS COSTUMBRES;OTRAS FALTAS CONTRA LAS BUENAS COSTUMBRES;;34;12;61;41;44;;
SAN MARTIN;FALTAS;FALTAS CONTRA LAS BUENAS COSTUMBRES;PERTURBACION DE LA TRANQUILIDAD;;12;18;2;1;1;4;1
SAN MARTIN;FALTAS;FALTAS CONTRA LAS PERSONAS;AGRESION SIN DAÑO;;545;403;168;146;205;253;128
SAN MARTIN;FALTAS;FALTAS CONTRA LAS PERSONAS;DAÑO;;;;33;31;58;74;58
SAN MARTIN;FALTAS;FALTAS CONTRA LAS PERSONAS;FALTAS CONTRA LAS PERSONAS;4609;;;;;;;
SAN MARTIN;FALTAS;FALTAS CONTRA LAS PERSONAS;LESION CULPOSA;;;;14;7;10;2;2
SAN MARTIN;FALTAS;FALTAS CONTRA LAS PERSONAS;LESION DOLOSA;;;24;76;50;37;43;21
SAN MARTIN;FALTAS;FALTAS CONTRA LAS PERSONAS;LESION DOLOSA Y LESION CULPOSA;;744;129;;;;;
SAN MARTIN;FALTAS;FALTAS CONTRA LAS PERSONAS;LESIONES;;;570;;;;;
SAN MARTIN;FALTAS;FALTAS CONTRA LAS PERSONAS;LESIONES LEVES;;;7;;;;;
SAN MARTIN;FALTAS;FALTAS CONTRA LAS PERSONAS;LESIONES LEVES POR VIOLENCIA FAMILIAR;;;14;;;;;
SAN MARTIN;FALTAS;FALTAS CONTRA LAS PERSONAS;MALTRATO;;2329;2785;70;59;85;120;53
SAN MARTIN;FALTAS;OTRAS FALTAS (ESPECIFIQUE);OTRAS FALTAS (ESPECIFIQUE);6;;;;;;;
TACNA;FALTAS;FALTAS CONTRA EL PATRIMONIO;DAÑOS MATERIALES;230;181;;;;;;
TACNA;FALTAS;FALTAS CONTRA EL PATRIMONIO;FALTAS CONTRA EL PATRIMONIO;256;214;;;;;;
TACNA;FALTAS;FALTAS CONTRA EL PATRIMONIO;HURTO FAMELICO;3;1;4;1;1;1;2;1
TACNA;FALTAS;FALTAS CONTRA EL PATRIMONIO;HURTO SIMPLE;279;482;432;328;173;205;307;120
TACNA;FALTAS;FALTAS CONTRA EL PATRIMONIO;HURTO SIMPLE Y DAÑO;;191;130;;;;;
TACNA;FALTAS;FALTAS CONTRA EL PATRIMONIO;INGRESO DE ANIMALES EN INMUEBLE AJENO;;9;5;;;1;2;1
TACNA;FALTAS;FALTAS CONTRA EL PATRIMONIO;ORGANIZACION O PARTICIPACION EN JUEGOS PROHIBIDOS;;16;;;;;;
TACNA;FALTAS;FALTAS CONTRA EL PATRIMONIO;USURPACION BREVE;;21;9;2;6;2;4;3
TACNA;FALTAS;FALTAS CONTRA LA SEGURIDAD PUBLICA;FALTAS CONTRA LA SEGURIDAD PUBLICA;139;71;150;5;6;12;4;4
TACNA;FALTAS;FALTAS CONTRA LA TRANQUILIDAD PUBLICA;FALTAS CONTRA LA TRANQUILIDAD PUBLICA;6;23;29;12;12;8;7;6
TACNA;FALTAS;FALTAS CONTRA LAS BUENAS COSTUMBRES;FALTAS CONTRA LAS BUENAS COSTUMBRES;15;22;152;;;;;
TACNA;FALTAS;FALTAS CONTRA LAS BUENAS COSTUMBRES;OTRAS FALTAS CONTRA LAS BUENAS COSTUMBRES;;27;49;94;162;133;;
TACNA;FALTAS;FALTAS CONTRA LAS BUENAS COSTUMBRES;PERTURBACION DE LA TRANQUILIDAD;;2;9;1;2;7;1;
TACNA;FALTAS;FALTAS CONTRA LAS PERSONAS;AGRESION SIN DAÑO;222;452;395;549;407;500;502;327
TACNA;FALTAS;FALTAS CONTRA LAS PERSONAS;DAÑO;3;3;;124;97;100;137;72
TACNA;FALTAS;FALTAS CONTRA LAS PERSONAS;FALTAS CONTRA LAS PERSONAS;677;495;;;;;;
TACNA;FALTAS;FALTAS CONTRA LAS PERSONAS;LESION CULPOSA;1;1;;;5;8;10;1
TACNA;FALTAS;FALTAS CONTRA LAS PERSONAS;LESION DOLOSA;8;10;101;90;24;58;37;22
TACNA;FALTAS;FALTAS CONTRA LAS PERSONAS;LESION DOLOSA Y LESION CULPOSA;197;117;25;;;;;
TACNA;FALTAS;FALTAS CONTRA LAS PERSONAS;LESIONES;;;60;;;;;
TACNA;FALTAS;FALTAS CONTRA LAS PERSONAS;LESIONES LEVES;;;39;;;;;
TACNA;FALTAS;FALTAS CONTRA LAS PERSONAS;LESIONES LEVES POR VIOLENCIA FAMILIAR;;;32;;;;;
TACNA;FALTAS;FALTAS CONTRA LAS PERSONAS;MALTRATO;;109;144;70;91;122;137;120
TACNA;FALTAS;FALTAS CONTRA LAS PERSONAS;MALTRATO SIN LESION;3;7;;;;;;
TUMBES;FALTAS;FALTAS CONTRA EL PATRIMONIO;DAÑOS MATERIALES;185;173;;;;;;
TUMBES;FALTAS;FALTAS CONTRA EL PATRIMONIO;FALTAS CONTRA EL PATRIMONIO;117;44;;;;;;
TUMBES;FALTAS;FALTAS CONTRA EL PATRIMONIO;HURTO FAMELICO;2;4;2;;;;1;2
TUMBES;FALTAS;FALTAS CONTRA EL PATRIMONIO;HURTO SIMPLE;84;50;61;97;65;59;104;48
TUMBES;FALTAS;FALTAS CONTRA EL PATRIMONIO;HURTO SIMPLE Y DAÑO;;92;57;;;;;
TUMBES;FALTAS;FALTAS CONTRA EL PATRIMONIO;INGRESO DE ANIMALES EN INMUEBLE AJENO;;2;8;;;1;;1
TUMBES;FALTAS;FALTAS CONTRA EL PATRIMONIO;ORGANIZACION O PARTICIPACION EN JUEGOS PROHIBIDOS;;9;;;;;;
TUMBES;FALTAS;FALTAS CONTRA EL PATRIMONIO;USURPACION BREVE;;5;8;7;3;1;1;
TUMBES;FALTAS;FALTAS CONTRA LA SEGURIDAD PUBLICA;FALTAS CONTRA LA SEGURIDAD PUBLICA;10;3;46;8;3;3;3;2
TUMBES;FALTAS;FALTAS CONTRA LA TRANQUILIDAD PUBLICA;FALTAS CONTRA LA TRANQUILIDAD PUBLICA;6;16;61;16;18;9;7;14
TUMBES;FALTAS;FALTAS CONTRA LAS BUENAS COSTUMBRES;FALTAS CONTRA LAS BUENAS COSTUMBRES;7;6;173;;;;;
TUMBES;FALTAS;FALTAS CONTRA LAS BUENAS COSTUMBRES;OTRAS FALTAS CONTRA LAS BUENAS COSTUMBRES;;4;6;116;152;94;;
TUMBES;FALTAS;FALTAS CONTRA LAS BUENAS COSTUMBRES;PERTURBACION DE LA TRANQUILIDAD;;2;19;1;1;;1;2
TUMBES;FALTAS;FALTAS CONTRA LAS PERSONAS;AGRESION SIN DAÑO;119;118;134;76;86;46;74;54
TUMBES;FALTAS;FALTAS CONTRA LAS PERSONAS;DAÑO;1;;;79;65;95;109;75
TUMBES;FALTAS;FALTAS CONTRA LAS PERSONAS;FALTAS CONTRA LAS PERSONAS;383;176;;;;;;
TUMBES;FALTAS;FALTAS CONTRA LAS PERSONAS;LESION CULPOSA;;4;;7;14;15;26;3
TUMBES;FALTAS;FALTAS CONTRA LAS PERSONAS;LESION DOLOSA;2;18;107;347;175;200;119;98
TUMBES;FALTAS;FALTAS CONTRA LAS PERSONAS;LESION DOLOSA Y LESION CULPOSA;47;129;20;;;;;
TUMBES;FALTAS;FALTAS CONTRA LAS PERSONAS;LESIONES;;;27;;;;;
TUMBES;FALTAS;FALTAS CONTRA LAS PERSONAS;LESIONES LEVES;;;2;;;;;
TUMBES;FALTAS;FALTAS CONTRA LAS PERSONAS;LESIONES LEVES POR VIOLENCIA FAMILIAR;;;5;;;;;
TUMBES;FALTAS;FALTAS CONTRA LAS PERSONAS;MALTRATO;;108;176;19;20;24;25;13
TUMBES;FALTAS;FALTAS CONTRA LAS PERSONAS;MALTRATO SIN LESION;3;2;;;;;;
UCAYALI;FALTAS;FALTAS CONTRA EL PATRIMONIO;DAÑOS MATERIALES;90;104;;;;;;
UCAYALI;FALTAS;FALTAS CONTRA EL PATRIMONIO;FALTAS CONTRA EL PATRIMONIO;204;26;;;;;;
UCAYALI;FALTAS;FALTAS CONTRA EL PATRIMONIO;HURTO FAMELICO;;;2;1;;1;1;
UCAYALI;FALTAS;FALTAS CONTRA EL PATRIMONIO;HURTO SIMPLE;57;58;27;116;70;66;45;24
UCAYALI;FALTAS;FALTAS CONTRA EL PATRIMONIO;HURTO SIMPLE Y DAÑO;;108;114;;;;;
UCAYALI;FALTAS;FALTAS CONTRA EL PATRIMONIO;INGRESO DE ANIMALES EN INMUEBLE AJENO;;3;;;;1;;
UCAYALI;FALTAS;FALTAS CONTRA EL PATRIMONIO;ORGANIZACION O PARTICIPACION EN JUEGOS PROHIBIDOS;;10;;;;;;
UCAYALI;FALTAS;FALTAS CONTRA EL PATRIMONIO;PROTECCION DE SEÑALES SATELITALES ENCRIPTADAS;;2;;;;;;
UCAYALI;FALTAS;FALTAS CONTRA EL PATRIMONIO;USURPACION BREVE;;8;7;2;1;2;;
UCAYALI;FALTAS;FALTAS CONTRA LA SEGURIDAD PUBLICA;FALTAS CONTRA LA SEGURIDAD PUBLICA;35;9;48;3;2;1;;4
UCAYALI;FALTAS;FALTAS CONTRA LA TRANQUILIDAD PUBLICA;FALTAS CONTRA LA TRANQUILIDAD PUBLICA;1;4;12;5;4;11;10;5
UCAYALI;FALTAS;FALTAS CONTRA LAS BUENAS COSTUMBRES;FALTAS CONTRA LAS BUENAS COSTUMBRES;23;;25;;;;;
UCAYALI;FALTAS;FALTAS CONTRA LAS BUENAS COSTUMBRES;OTRAS FALTAS CONTRA LAS BUENAS COSTUMBRES;;5;;16;16;14;;
UCAYALI;FALTAS;FALTAS CONTRA LAS BUENAS COSTUMBRES;PERTURBACION DE LA TRANQUILIDAD;;;8;1;;1;2;
UCAYALI;FALTAS;FALTAS CONTRA LAS PERSONAS;AGRESION SIN DAÑO;60;202;349;355;153;245;177;88
UCAYALI;FALTAS;FALTAS CONTRA LAS PERSONAS;DAÑO;1;;;30;29;71;40;29
UCAYALI;FALTAS;FALTAS CONTRA LAS PERSONAS;FALTAS CONTRA LAS PERSONAS;552;192;;;;;;
UCAYALI;FALTAS;FALTAS CONTRA LAS PERSONAS;LESION CULPOSA;;;;5;6;25;21;6
UCAYALI;FALTAS;FALTAS CONTRA LAS PERSONAS;LESION DOLOSA;2;2;6;60;86;119;108;67
UCAYALI;FALTAS;FALTAS CONTRA LAS PERSONAS;LESION DOLOSA Y LESION CULPOSA;117;148;106;;;;;
UCAYALI;FALTAS;FALTAS CONTRA LAS PERSONAS;LESIONES;;;92;;;;;
UCAYALI;FALTAS;FALTAS CONTRA LAS PERSONAS;LESIONES LEVES;;;13;;;;;
UCAYALI;FALTAS;FALTAS CONTRA LAS PERSONAS;MALTRATO;;406;458;89;25;42;56;43
UCAYALI;FALTAS;FALTAS CONTRA LAS PERSONAS;MALTRATO SIN LESION;4;4;;;;;;
UCAYALI;FALTAS;OTRAS FALTAS (ESPECIFIQUE);OTRAS FALTAS (ESPECIFIQUE);4;;;;;;;
Totales;FALTAS;OTRAS FALTAS (ESPECIFIQUE);OTRAS FALTAS (ESPECIFIQUE);167506;148289;116128;83898;55055;61596;61449;39864
;;;;;;;;;;;
Nota : La información registrada en el 2023, corresponde a enero  agosto.;;;;;;;;;;;
;;;;;;;;;;;
1/ Comprende los 43 distritos de la provincia de Lima.;;;;;;;;;;;
2/ Se refiere a la Región Lima que comprende las provincias de Barranca, Cajatambo, Canta, Cañete, Huaral, Huarochirí, Huaura, Oyón y Yauyos.;;;;;;;;;;;
Fuente: Instituto Nacional de Estadística e Informática  Policia Nacional del Perú.;;;;;;;;;;;
